id	word	definition_cn	ecdict_translation	ecdict_phonetic
CET4_CORE_1163	a	art. 一(个)；每一(个)	第一个字母 A; 一个; 第一的 / art. [计] 累加器, 加法器, 地址, 振幅, 模拟, 区域, 面积, 汇编, 组件, 异步	ei
CET4_CORE_1166	able	adj. 有能力的；出色的	a. 能干的, 能够的	'eibl
CET4_CORE_1184	accommodation	n. 招待设备；预定铺位	n. 膳宿, 预订铺位, 适应性调节, 调和, 贷款 / [医] 调节(眼); 适应	ә.kɒmә'deiʃәn
CET4_CORE_9	accumulate	v. 积累，增加	v. 积聚, 堆积	ә'kju:mjuleit
CET4_CORE_16	addiction	n. 上瘾	n. 入迷, 瘾 / [医] 瘾, 癖嗜	ә'dikʃәn
CET4_CORE_18	address	v. 解决	n. 住址, 演说, 举止, 灵巧, 求爱 / vt. 发表(演说或讲话), 对付, 写地址 / [计] 地址, 寻址	ә'dres
CET4_CORE_30	advisory	n. 报告	a. 顾问的, 咨询的, 劝告的 / [法] 劝告的, 忠告的, 咨询的	әd'vaizәri
CET4_CORE_31	advocate	n & v. 倡导	n. 提倡者, 拥护者 / vt. 主张, 提倡	'ædvәkeit
CET4_CORE_32	advocator	n. 主张者，倡导者	n. 拥护者, 提倡者	'ædvәkeitә
CET4_CORE_1222	affection	n. 慈爱，爱；爱慕	n. 影响, 病, 喜爱, 情感, 倾向 / [医] 疾患, 病变, 病; 感情	ә'fekʃәn
CET4_CORE_36	afford	v. 负担得起	vt. 买得起, 足以, 给予	ә'fɒ:d
CET4_CORE_1226	after	prep. 在…以后；次于	prep. 在...之后, 由于 / conj. 在...之后 / adv. 后来	'ɑ:ftә
CET4_CORE_1229	again	adv. 又一次；而且	adv. 再一次, 又, 到原处	ә'gein
CET4_CORE_4351	agenda	n. 议事日程	pl. 议程, 日常工作事项 / [计] 待议事件	ә'dʒendә
CET4_CORE_1233	agony	n. 极度痛苦	n. 极大的痛苦, 挣扎 / [医] 濒死苦闷; 剧痛	'ægәni
CET4_CORE_41	alert	v. 提醒；； adj. 机警的	a. 警觉的, 灵敏的, 留心的 / n. 警报 / vt. 使警觉, 通知, 使意识到	ә'lә:t
CET4_CORE_1257	also	adv. 亦，也；而且，还	adv. 也, 并且, 同样地	'ɒ:lsәu
CET4_CORE_914	alternative	n. 代替品	n. 两者择一, 供替代的选择 / a. 两者择一的, 供选择的 / [计] 选择对象	ɒ:l'tә:nәtiv
CET4_CORE_44	ambitious	adj. 有雄心的，野心勃勃的	a. 有野心的, 抱负不凡的, 雄心勃勃的	æm'biʃәs
CET4_CORE_4506	amid	prep. 在…中间， 在…之中， 被…围绕	prep. 在其间, 在其中 / [经] 在...中	ә'mid
CET4_CORE_1276	and	conj. 和，又，并，则	conj. 和, 与 / [计] 与	ænd
CET4_CORE_982	annoy	v. 使反感，厌烦	vt. 使恼怒, 骚扰	ә'nɒi
CET4_CORE_1284	another	adj. 再一个的；别的	a. 另外的, 再一的, 不同的 / pron. 又一个, 另一个, 类似的另一个	ә'nʌðә
CET4_CORE_50	anticipate	v. 预感	vt. 预期, 占先, 加速, 提前使用 / [医] 提前出现, 先期发生	æn'tisipeit
CET4_CORE_1295	anywhere	adv. 在什么地方	adv. 无论何处	'enihwєә
CET4_CORE_1296	apart	adv. 相隔；分开；除去	adv. 成零碎, 成距离, 分别地, 分离着 / a. 分离的	ә'pɑ:t
CET4_CORE_856	appealing	adj. 吸引人的	a. 有感染力的, 动人的, 恳求的	ә'pi:liŋ
CET4_CORE_1304	applicable	adj. 能应用的；适当的	a. 合适的, 可应用的 / [法] 适用的, 适应的	'æplikәbl
CET4_CORE_64	approve	v. 赞成，同意	vt. 赞同, 核准, 为...提供证据 / vi. 赞许	ә'pru:v
CET4_CORE_1309	arbitrary	adj. 随心所欲的；专断的	a. 任意的, 武断的, 专治的, 霸道的	'ɑ:bitrәri
CET4_CORE_69	arrange	v. 把…（系统地）分类	v. 安排, 排列, 达成协议 / [计] 重排	ә'reindʒ
CET4_CORE_1329	as	conj. 当…的时候	adv. 同样地, 例如 / prep. 做为, 当作 / conj. 当...之时, 以...的方式, 像...一样, 因为 / [计] 高级系统, 先进系统, 辅助存储器, 自治系统	æz
CET4_CORE_1330	ash	n. 灰，灰末；骨灰	n. 灰, 灰烬 / [化] 灰分	æʃ
CET4_CORE_71	ashamed	adj. 害羞的	a. 惭愧的, 羞耻的	ә'ʃeimd
CET4_CORE_1333	aside	adv. 在旁边，到旁边	n. 小声说的话, 旁白 / adv. 在一边, 离开, 另外	ә'said
CET4_CORE_890	assess	v. 评价	vt. 估定, 对...征税, 评定 / [经] 估计, 估价, 确定(税款罚款等)的金额	ә'ses
CET4_CORE_76	assignment	n. 作业	n. 分配, 功课, 任务, 转让, 归因, 陈述 / [计] 赋值	ә'sainmәnt
CET4_CORE_1342	at	prep. 在…里；在…时	prep. 在, 向, 对 / [计] 地址转换器, 异常传输, 自动订票	æt
CET4_CORE_1003	attribute	v. 归因于	n. 属性, 标志, 定语 / vt. 把...归于, 认为...属于 / [计] 属性	ә'tribju:t
CET4_CORE_1369	autumn	n. 秋，秋季	n. 秋天, 成熟期	'ɒ:tәm
CET4_CORE_85	avail	v. 有益, 有帮助	vi. 有用, 有利 / vt. 有利于 / n. 效用, 利益	ә'veil
CET4_CORE_1375	away	adv. 离开，远离；…去	adv. 离去	ә'wei
CET4_CORE_1376	awfully	adv. 令人畏惧的；很	adv. 恶劣地, 非常地, 极端地	'ɒ:fuli
CET4_CORE_1378	ax	n. 斧子	n. 斧头 / vt. 用斧削或砍, 削减	æks
CET4_CORE_1381	back	adv. 在后；回原处；回	a. 后面的 / vt. 使后退, 支持 / vi. 倒退, 背靠 / adv. 向后地 / n. 背部, 后面	bæk
CET4_CORE_4479	bacon	n. 咸肉	n. 熏猪肉 / [机] 腌肉	'beikәn
CET4_CORE_1385	bag	n. 袋，包，钱包，背包	n. 袋子, 袋状物 / vt. 使膨大, 装袋, 猎获	bæg
CET4_CORE_1387	bake	v. 烤，烘，焙；烧硬	vt. 烘焙, 烤 / vi. 烤面包 / n. 烘焙, 烤	beik
CET4_CORE_96	bargain	n. 讨价还价	n. 交易, 买卖协定, 特价商品 / v. 讲价, 交易	'bɑ:gin
CET4_CORE_1399	bark	n. 吠叫声； v. 吠，叫	n. 树皮, 吠声 / vi. 吠, 叫骂 / vt. 喊出, 剥树皮	bɑ:k
CET4_CORE_1408	basket	n. 篮，篓，筐	n. 篮, 篮子 / vt. 装入篮	'bɑ:skit
CET4_CORE_1411	bath	n. 浴，洗澡；浴缸	n. 沐浴, 浴室 / [医] 浴	bæθ.bɑ:θ
CET4_CORE_1415	bay	n. 湾；山脉中的凹处	n. 海湾, 狗吠声, 月桂 / vt. 吠, 使走投无路 / vi. 吠	bei
CET4_CORE_1416	be	aux. v&vi是，在，做	v. 是, 表示, 在 / [计] 后端, 总线允许	bi:
CET4_CORE_1419	bean	n. 豆，蚕豆	n. 豆子 / [化] 油嘴; 豆	bi:n
CET4_CORE_1429	bee	n. 蜂，密蜂；忙碌的人	n. 蜜蜂, 聚会	bi:
CET4_CORE_1432	before	prep. 在…以前；向…	prep. 在...之前 / conj. 在...之前 / adv. 在前	bi'fɒ:
CET4_CORE_1440	behind	prep. 在…后面	adv. 在后地 / prep. 在...背后	bi'haind
CET4_CORE_1444	bell	n. 钟，铃，门铃；钟声	n. 铃, 钟 / [计] 响铃命令	bel
CET4_CORE_1446	beloved	adj. 为…的爱的； n. 爱人	a. 心爱的 / n. 心爱的人	bi'lʌvd
CET4_CORE_1449	bench	n. 长凳，条凳；工作台	n. 长椅子 / [机] 台	bentʃ
CET4_CORE_1459	between	prep. 在…中间	prep. 在...之间	bi'twi:n
CET4_CORE_1460	beyond	prep. 在…的那边	prep. 超过, 在那一边, 迟于 / adv. 在远处 / n. 更远处	bi'jɒnd
CET4_CORE_1466	billion	num. 万亿(英)	num. 十亿, 十亿个	'biljәn
CET4_CORE_842	biological	adj. 生物的	a. 生物学的 / [医] 生物学的	.baiәu'lɒdʒikәl
CET4_CORE_1469	bird	n. 鸟，禽	n. 鸟, 羽毛球 / vi. 打鸟	bә:d
CET4_CORE_1473	bit	n. 一点，一些，小片	n. 少量, 马嚼子, 辅币 / vt. 给马上嚼子, 控制 / bite的过去式和过去分词 / [计] 比特, 二进制数位, 机内测试	bit
CET4_CORE_1474	bite	v. 咬，叮，螫；剌穿	n. 咬, 一口 / v. 咬, 刺痛, 穿透	bait
CET4_CORE_102	blame	v. 指责，责怪	n. 过失, 责备 / vt. 责备, 归咎于	bleim
CET4_CORE_1485	blend	vt&vi&n. 混和	vt. 混合 / n. 混合	blend
CET4_CORE_1492	board	n. 板； v. 上(船、车等)	n. 木板, 甲板, 膳食, 会议桌 / vt. 乘船, 供膳食, 用板覆盖 / vi. 搭伙 / [计] 板	bɒ:d
CET4_CORE_105	bogus	adj. 假冒的	a. 假的, 伪造的 / [经] 伪的, 伪造的	'bәugәs
CET4_CORE_1498	bolt	n. 螺栓；插销； v. 闩门	n. 门闩, 螺钉, 筛子, 闪电, 意外事件 / vt. 闩住, 发射, 脱口而出, 筛, 囫囵吞下 / vi. 囫囵吞枣, 射箭, 脱缰, 退出党派 / adv. 突然	bәult
CET4_CORE_1500	bond	n. 联结，联系；公债	n. 捆绑物, 结合, 债券, 契约, 粘合剂, 保证人, 键, 关栈保留 / vt. 存入关栈, 使黏合 / vi. 结合	bɒnd
CET4_CORE_1501	bone	n. 骨，骨骼	n. 骨头, 骨, 骨制品 / vt. 剔骨 / vi. 专心致志	bәun
CET4_CORE_1503	boot	n. 靴子，长统靴	n. 长靴, 踢, 解雇, 效用 / vt. 使穿靴, 踢, 解雇, 有用 / [计] 引导, 自举	bu:t
CET4_CORE_1506	bore	v. 使厌烦；钻，挖	n. 令人讨厌的人, 激浪, 枪膛, 孔 / vt. 使烦扰, 钻孔 / vi. 钻孔 / bear的过去式 / [计] 内径; 孔径	bɒ:
CET4_CORE_1518	bowl	n. 碗，钵；碗状物	n. 碗, 木球, 大酒杯 / v. 滚木球, 快而稳地行驶	bәul
CET4_CORE_1519	box	n. 箱，盒；包箱	n. 盒子, 箱, 方框, 一巴掌 / vt. 装...入盒中, 装箱, 打耳光 / vi. 拳击 / [计] 方框	bɒks
CET4_CORE_1546	bristle	n. 短而硬的毛；鬃毛	n. 刚毛, 猪鬃 / vi. 直立, 发怒, 充满 / vt. 使直立	'brisl
CET4_CORE_1548	British	adj. 不列颠的，英联邦的	a. 英国的 / n. 英国人, 英国英语	'britiʃ
CET4_CORE_108	broad	adj. 宽的	a. 宽广的, 辽阔的, 广大的, 显著的 / adv. 宽阔地 / n. 宽阔部分	brɒ:d
CET4_CORE_1551	broken	adj. 被打碎的，骨折的	a. 坏掉的, 打破的, 断掉的 / break的过去分词	'brәukәn
CET4_CORE_1553	brood	n. 同窝幼鸟； v. 孵(蛋)	n. 一窝, 一伙 / vt. 孵, 沉思	bru:d
CET4_CORE_1554	brook	n. 小河，溪流	n. 小溪 / vt. 容忍	bruk
CET4_CORE_1568	bulk	n. 物体，容积，大批	n. 大小, 体积, 大块, 大多数 / vt. 显得大, 显得重要	bʌlk
CET4_CORE_1571	bunch	n. 束，球，串；一群	n. 串, 束 / [医] 骨肿块(马)	bʌntʃ
CET4_CORE_1572	bundle	n. 捆，包，束；包袱	n. 捆, 束 / vt. 包扎, 胡乱塞进 / vi. 匆忙离开	'bʌndl
CET4_CORE_111	bureau	n. 局	n. 局, 办公处 / [经] 局, 司, 处	'bjuәrәu
CET4_CORE_1579	busy	adj. 忙的，繁忙的	a. 忙碌的, 热闹的, 没空的 / vt. 使忙 / vi. 忙碌 / [计] 忙; 忙碌	'bizi
CET4_CORE_1586	by	prep. 在…旁；被，由	prep. 被, 经, 由, 在...之旁 / adv. 经过, 在近处	bai
CET4_CORE_1592	cafeteria	n. 自助食堂	n. 自助餐厅 / [经] 自助餐厅	.kæfi'tiәriә
CET4_CORE_1593	cage	n. 笼；鸟笼，囚笼	n. 笼, 牢房, 战俘营 / vt. 关进笼内	keidʒ
CET4_CORE_1598	call	v. 把…叫做；叫，喊	n. 呼叫, 访问, 打电话, 号召, 召集, 要求 / vt. 呼叫, 召集, 打电话 / vi. 叫喊, 访问, 叫牌 / [计] 调用; 呼叫; DOS内部命令:在批处理文件中调用另一个批处理文件	kɒ:l
CET4_CORE_1602	camp	n. 野营，营地，兵营	n. 露营, 帐篷 / vi. 露营, 扎营 / vt. 使扎营	kæmp
CET4_CORE_113	campaign	n. 活动	n. 战役, 运动, 竞选运动 / vi. 参加运动, 作战	kæm'pein
CET4_CORE_116	canteen	n. 食堂	n. 水壶, 军中俱乐部, 临时流动餐馆, 小卖部	kæn'ti:n
CET4_CORE_1617	captain	n. 陆军上尉；队长	n. 船长, 指挥官, 海军上校, 首领 / vt. 率领, 指挥	'kæptin
CET4_CORE_1621	carbon	n. 碳	n. 碳, 副本, 复写纸 / [化] 碳	'kɑ:bәn
CET4_CORE_1625	careful	adj. 仔细的；细致的	a. 小心的, 谨慎的	'kєәful
CET4_CORE_1629	carrier	n. 运输工具；运载工具	n. 运送者, 邮递员, 带菌者 / [计] 载波	'kæriә
CET4_CORE_1630	carrot	n. 胡罗卜	n. 胡萝卜 / [医] 胡萝卜	'kærәt
CET4_CORE_1636	cassette	n. 盒式录音带；盒子	n. 盒式磁带, 珠宝箱, 暗盒 / [计] 字盒	kæ'set
CET4_CORE_1639	cat	n. 猫，猫科，猫皮	n. 猫, 恶妇 / vi. 呕吐 / 计算机辅助教育, 计算机辅助测试, 计算机辅助翻译, 计算机辅助排版 / [计] 计算机辅助教学, 计算机辅助翻译, 计算机辅助排字, 计算机辅助测试	kæt
CET4_CORE_1645	cave	n. 山洞，洞穴，窑洞	n. 洞, 穴 / vi. 凹陷, 塌落 / vt. 挖洞, 使凹陷, 损坏...的基础	keiv
CET4_CORE_1658	certain	adj. 确实的；肯定的	a. 确定的, 某一个的, 必然的 / [法] 确凿的, 无疑的, 可靠的	'sә:tәn
CET4_CORE_1659	certainly	adv. 一定，必定；当然	adv. 确定地	'sә:tәnli
CET4_CORE_1662	chain	n. 链，链条，项圈	n. 链, 枷锁, 束缚 / vt. 用铁练锁住, 束缚, 囚禁	tʃein
CET4_CORE_1671	chapter	n. 章，回，篇	n. 章, 篇, 重要章节 / [计] 章; 段	'tʃæptә
CET4_CORE_127	character	n. 角色	n. 个性, 字符, 人物, 性质, 品格, 资格 / [计] 字符	'kærәktә
CET4_CORE_846	characteristic	n. 特点	n. 特性, 特征, 特色 / a. 特性的, 特有的, 有特色的 / [计] 阶; 指数	.kærәktә'ristik
CET4_CORE_128	characterize	v. 以……特点	vt. 描绘...的特性, 刻划...的性格	'kærәktәraiz
CET4_CORE_1676	cheap	adj. 廉价的；劣质的	a. 便宜的, 不值钱的, 可鄙的 / adv. 便宜地	tʃi:p
CET4_CORE_130	cheek	n. 脸颊	n. 颊, 厚颜, 脸蛋 / [医] 颊	tʃi:k
CET4_CORE_1679	cheerful	adj. 快乐的，愉快的	a. 快活的, 高兴的, 兴高采烈的	'tʃiәful
CET4_CORE_1691	childhood	n. 童年，幼年；早期	n. 孩童时期 / [医] 儿童期	'tʃaildhud
CET4_CORE_1692	childish	adj. 孩子的；幼稚的	a. 天真的, 孩子气的	'tʃaildiʃ
CET4_CORE_1701	chop	v. 砍，劈；切细； v. 砍	n. 肋条肉, 排骨, 砍, 戳记, 商标 / vt. 剁碎, 砍, 切击, 割断 / vi. 砍, 突然转向	tʃɒp
CET4_CORE_1702	Christian	n. 基督教徒；信徒	n. 基督徒, 正派人 / a. 基督的, 基督教的	'kristʃәn
CET4_CORE_1723	claw	n. 爪，脚爪，螯	n. 爪, 螯, 抓伤 / v. 用爪抓, 挖, 搜刮	klɒ:
CET4_CORE_1725	clean	adj. 清洁的；纯洁的	a. 干净的, 清白的, 简洁的 / adv. 清洁地, 完全地 / vt. 清理, 使干净, 出空 / vi. 被搞干净 / n. 打扫	kli:n
CET4_CORE_1727	clearly	adv. 明白地，清晰地	adv. 清楚地	'kliәli
CET4_CORE_4192	click	v. 发出咔嗒声；点击； n. 咔嗒声	n. 咔哒声, 啪嗒声 / vi. 作咔哒声 / vt. 使发咔哒声 / [计] 单击	klik
CET4_CORE_1733	cloak	n. 斗篷；覆盖(物)	n. 斗蓬, 大氅, 掩护 / vt. 遮掩, 隐匿, 使披斗蓬	klәuk
CET4_CORE_1734	clock	n. 钟，仪表	n. 时钟, 计时器, (袜子上的)绣花边花 / vt. 绣花样, 记时, 记录 / vi. 记录时间 / [计] 时钟	klɒk
CET4_CORE_1737	cloth	n. 布；衣料；桌布	n. 布料, 织品, 布 / [建] 布	klɒ:θ. klɒθ
CET4_CORE_1741	cloud	n. 云；云状物；阴影	n. 云, 阴暗, 烟雾, 疑团 / vt. 以云遮敝, 笼罩, 使黯然 / vi. 乌云密布, 阴沉	klaud
CET4_CORE_1744	coal	n. 煤，煤块	n. 煤, 木炭 / v. 加煤	kәul
CET4_CORE_1762	comb	n. 梳子； v. 梳理	n. 头梳, 鸡冠 / vt. 梳头发, 梳毛 / vi. (浪)涌起	kәum
CET4_CORE_1765	comfortable	adj. 舒适的，安慰的	a. 舒服的, 轻松的 / n. 盖被	'kʌmfәtәbl
CET4_CORE_150	commitment	n. 承诺，保证	n. 委托, 交押, 承担义务, 赞助 / [医] 院禁	kә'mitmәnt
CET4_CORE_1778	companion	n. 同伴；共事者；伴侣	n. 朋友, 陪伴, 指南, 升降口围罩 / vt. 陪伴	kәm'pænjәn
CET4_CORE_1786	complicate	v. 使复杂；使陷入	vt. 弄复杂, 使错综, 使恶化 / vi. 变复杂	'kɒmplikeit
CET4_CORE_164	comply	v. 遵从	vi. 顺从, 依从 / [法] 遵守, 承诺, 照做	kәm'plai
CET4_CORE_1788	composition	n. 构成；作品；写作	n. 作文, 创作, 组成 / [化] 成分; 组成	kɒmpә'ziʃәn
CET4_CORE_168	concern	v & n. 涉及，关系到	n. 关心, 忧虑 / vt. 与...有关, 使担心, 使挂念	kәn'sә:n
CET4_CORE_1804	condition	n. 状况，状态；环境	n. 情况, 条件 / vt. 使健康, 以...为条件, 决定, 使适应 / [计] 条件	kәn'diʃәn
CET4_CORE_1809	confident	adj. 确信的，自信的	a. 有信心的, 有把握的	'kɒnfidәnt
CET4_CORE_175	connectivity	n. 连接，联系	[计] 连通性, 连通度	kәnek'tiviti
CET4_CORE_4432	connexion	n. connection的英式拼法	n. 连接, 团体, 生意合伙人, 亲戚	kә'nekʃәn
CET4_CORE_1820	conscious	adj. 意识到的；有意的	a. 有意识的, 知觉的, 觉察的 / [医] 有意识的, 清醒的	'kɒnʃәs
CET4_CORE_926	consequently	adv. 结果	adv. 所以	'kɒnsikwәntli
CET4_CORE_181	considerable	adj. 相当大(或多)的	a. 相当的, 可观的, 重要的	kәn'sidәrәbl
CET4_CORE_186	conspicuous	adj. 显著地	a. 显著的, 显眼的, 出众的	kәn'spikjuәs
CET4_CORE_187	constant	adj. 不断的，持续的	n. 常数, 恒量 / a. 不变的, 一定的, 时常的 / [计] 常量; 常数; 恒值	'kɒnstәnt
CET4_CORE_191	consult	v. 咨询	vi. 商讨, 商量, 协商, 会诊 / vt. 向...请教, 查阅, 考虑	kәn'sʌlt
CET4_CORE_195	contemporary	adj. 当代的，现代的	n. 同时代的人 / a. 同时代的, 属于同一时期的	kәn'tempәrәri
CET4_CORE_1033	contest	n. 比赛	n. 竞赛, 争论 / vt. 竞争, 争取, 争辩 / vi. 竞争	'kɒntest
CET4_CORE_198	contract	n. 合同	n. 合约, 婚约, 契约 / vt. 使皱缩, 使缩短, 感染, 订约, 缔结 / vi. 皱缩, 订约, 收缩	'kɒntrækt
CET4_CORE_200	contribute	v. 捐款，贡献	vt. 有助于, 捐助, 投稿 / vi. 出力, 捐献, 投稿	kәn'tribju:t
CET4_CORE_1060	convincing	adj. 令人信服的	a. 使人信服的, 有力的, 令人心悦诚服的	kәn'vinsiŋ
CET4_CORE_4219	cop	n. 警察	n. 警官 / vt. 抓住	kɒp
CET4_CORE_1846	copper	n. 铜；铜币，铜制器	n. 铜, 警察 / [化] 铜Cu	'kɒpә
CET4_CORE_1848	cord	n. 细绳，粗线，索	n. 绳索, 束缚 / [医] 索, 带	kɒ:d
CET4_CORE_1851	corn	n. 谷物；(英)小麦	n. 玉蜀黍, 谷类, 谷粒, 鸡眼 / vt. 使成颗粒, 腌	kɒ:n
CET4_CORE_1852	corner	n. 角；犄角；边远地区	n. 角落, 转角, 窘境 / vt. 迫至一隅, 垄断, 使陷入绝境 / vi. 相交成角, 垄断 / [计] 边角	'kɒ:nә
CET4_CORE_1858	corresponding	adj. 相应的；符合的	a. 相当的, 一致的, 通信的 / [计] 对应	.kɒri'spɒndiŋ
CET4_CORE_1863	cotton	n. 棉；棉线；棉布	n. 棉花 / vi. 和谐, 有好感, 理解	'kɒtn
CET4_CORE_1865	could	aux. v(can的过去式)	aux. 可以, 能	kud
CET4_CORE_1025	council	n. 议会	n. 会议, 委员会 / [经] 委员会	'kaunsәl
CET4_CORE_1870	county	n. 英国的郡，美国的县	n. 县, 郡	'kaunti
CET4_CORE_208	couple	n. 夫妻，情侣	n. 对, 夫妇, 数个 / vt. 使成双, 连接, 使成婚, 把...联系起来 / vi. 结合, 成婚	'kʌpl
CET4_CORE_209	courageous	adj. 有勇气的	a. 勇敢的, 大胆的, 有胆量的	kә'reidʒәs
CET4_CORE_1877	coward	n. 懦夫；胆怯者	n. 懦弱的人, 胆小的人	'kauәd
CET4_CORE_1882	crazy	adj. 疯狂的，荒唐的	a. 发狂的, 狂热的	'kreizi
CET4_CORE_1888	creep	v. 爬行；缓慢地行进	n. 爬, 徐行, 蠕动 / vi. 爬, 蔓延, 潜行	kri:p
CET4_CORE_1889	crew	n. 全体船员	n. 全体人员, 一群人, 全体队员 / crow的过去式	kru:
CET4_CORE_218	curb	v & n. 控制	n. 抑制, 勒马绳, 边石 / vt. 抑制, 束缚, 勒住	kә:b
CET4_CORE_1913	curl	n. 卷毛；螺旋； v. 卷曲	n. 拳曲, 鬈发 / vt. 弄卷 / vi. 拳曲, 弯曲	kә:l
CET4_CORE_1923	dairy	n. 牛奶场；乳制品	n. 牛奶公司, 乳品店, 乳牛场	'dєәri
CET4_CORE_1154	dampen	v. 抑制	vt. 弄湿, 使沮丧 / vi. 变湿, 丧气	'dæmpәn
CET4_CORE_1930	dare	vt&aux. v敢；竟敢	n. 挑战, 挑动, 大胆 / v. 敢, 胆敢	dєә
CET4_CORE_1949	decay	v. 腐烂；衰败； n. 腐烂	n. 衰退, 腐败 / v. (使)衰退, (使)腐败	di'kei
CET4_CORE_224	decent	adj. 正派的，体面的	a. 有分寸的, 得体的, 大方的	'di:sәnt
CET4_CORE_1965	defend	v. 保卫，防守	vt. 防护, 辩护, 防卫 / [法] 作...的辩护律师, 辩护, 为...答辩	di'fend
CET4_CORE_1967	definitely	adv. 一定地，明确地	adv. 明确无疑地, 清楚地	'definitli
CET4_CORE_229	delay	v. 推迟，延期	n. 耽搁, 迟滞 / v. 耽搁, 延迟 / [计] 延迟, 延时	di'lei
CET4_CORE_1970	delicate	adj. 纤细的；易碎的	a. 细致优雅的, 微妙的, 美味的 / [医] 柔弱的	'delikәt
CET4_CORE_231	delightful	adj. 高兴的	a. 令人愉快的, 可爱的	di'laitful
CET4_CORE_1978	depend	v. 依靠，依赖；相信	vi. 靠, 视...而定, 信赖	di'pend
CET4_CORE_239	depressing	adj. 令人沮丧的	a. 抑压的, 沉闷的, 阴沉的	di'presiŋ
CET4_CORE_241	derive	v. 得到，导出	vt. 得自 / vi. 起源	di'raiv
CET4_CORE_1093	desert	v. 抛弃	n. 沙漠, 应得的赏罚, 功劳 / a. 沙漠的, 不毛的 / vt. 放弃, 遗弃, 擅离 / vi. 逃掉	'dezәt. di'sә:t
CET4_CORE_1991	despise	v. 鄙视，蔑视	vt. 轻视	di'spaiz
CET4_CORE_244	despite	prep. 不管	n. 轻视, 憎恨 / prep. 虽然, 尽管	di'spait
CET4_CORE_248	detect	v. 觉察;检测	vt. 发现, 察觉, 探测 / [法] 发现, 查明, 探测	di'tekt
CET4_CORE_252	determination	n. 意志	n. 决心, 果断 / [化] 判定; 测定	di.tә:mi'neiʃәn
CET4_CORE_254	devote	v. 奉献，致力于	vt. 投入于, 献身	di'vәut
CET4_CORE_2010	difference	n. 差别；差；分歧	n. 不同, 差异 / [计] 差分	'difәrәns
CET4_CORE_2011	different	adj. 差异的；各种的	a. 不同的 / [机] 差动, 微分的, 差速器	'difәrәnt
CET4_CORE_2014	dig	v. 掘，挖；采掘	vt. 挖, 翻土, 发掘 / vi. 挖掘 / n. 挖掘 / [计] 数字, 数位	dig
CET4_CORE_256	diligent	adj. 勤奋的	a. 勤勉的, 用功的	'dilidʒәnt
CET4_CORE_2017	dim	adj. 昏暗的；朦胧的	a. 暗淡的, 模糊的 / vt. 使暗淡 / [计] 数据解释模块	dim
CET4_CORE_2020	dip	v. 浸，蘸； v. 浸一浸	v. 浸, 降下, 把(手、勺等)伸入, 舀取 / n. 浸, 涉猎 / [计] 双列直插式组件, 分布式输入输出系统, 双排直插封装	dip
CET4_CORE_2027	disable	v. 使无能，使伤残	vt. 使失去能力, 使残废, (律)使无资格 / [计] 使无效, 禁止, 关闭	dis'eibl
CET4_CORE_1020	disappointing	adj. 令人失望的	a. 使失望的, 期待落空的, 令人沮丧的	.disә'pɒintiŋ
CET4_CORE_995	discrimination	n. 歧视	n. 差别, 岐视, 辨别力 / [化] 鉴别	dis.krimi'neiʃәn
CET4_CORE_2043	dislike	vt&n. 不喜爱，厌恶	n. 嫌恶 / vt. 讨厌, 不喜欢	dis'laik
CET4_CORE_2044	dismiss	v. 不再考虑；解雇	vt. 解散, 开除, 解职 / vi. 解散 / [计] 解散	dis'mis
CET4_CORE_264	display	n & v. 展览	n. 显示, 陈列, 炫耀, 显示器 / vt. 陈列, 显示, 表现, 夸示 / [计] 显示器; 显示	dis'plei
CET4_CORE_2048	dispose	v. 去掉，丢掉；销毁	vt. 处理, 排列, 布置 / vi. 处置	dis'pәuz
CET4_CORE_266	dissatisfy	v. 不满意	vt. 使感觉不满, 不满足	dis'sætisfai
CET4_CORE_1116	distinct	adj. 明显的；有区别的	a. 清楚的, 显著的, 不同的	dis'tiŋkt
CET4_CORE_2050	distinction	n. 差别，不同，区分	n. 区别	dis'tiŋkʃәn
CET4_CORE_952	distinctive	adj. 独特的，与众不同的	a. 有特色的, 出众的	di'stiŋktiv
CET4_CORE_270	distinguished	adj. 显著的，杰出的	a. 卓著的, 著名的	dis'tiŋgwiʃt
CET4_CORE_272	distracted	adj. 分心的	a. 心烦意乱的	dis'træktid
CET4_CORE_275	district	n. 区	n. 区域, 地方 / [医] 地区, 地段	'distrikt
CET4_CORE_276	diverse	adj. 各种各样的	a. 不同的, 变化多的	dai'vә:s
CET4_CORE_2056	do	aux. v； v. 做，干，办	v. 做, 进行, 完成	du:
CET4_CORE_2059	dog	n. 狗，犬，犬科动物	n. 狗, 坏蛋 / vt. 跟踪, 尾随	dɒg
CET4_CORE_282	domination	n. 主导	n. 支配, 控制, 管辖	.dɒmi'neiʃәn
CET4_CORE_286	downfall	n. （雨等的）大下特下	n. 衰败, 大雨	'daunfɒ:l
CET4_CORE_287	download	v. 下载	[计] 卸载, 下栽	
CET4_CORE_1061	downsize	v. 裁员	vt. 以较小尺寸设计；缩小尺寸；裁减人数	daun'saiz
CET4_CORE_2075	drag	v. 拖，拉；拖曳	n. 拖, 拖累 / v. 拖累, 拖拉, 沉重缓慢地走, 拖动 / [计] 拖动	dræg
CET4_CORE_2077	drain	v. 排去；放水； n. 耗竭	n. 排水沟, 消耗, 排水 / vt. 排出, 喝光, 耗尽 / vi. 排水, 流干	drein
CET4_CORE_2079	dramatic	adj. 引人注目的，戏剧的	a. 戏剧性的, 生动的	drә'mætik
CET4_CORE_4215	draught	n. 穿堂风，冷风； adj. 〔啤酒〕桶装的，散装的	n. 气流, 草稿, 汇票, 通风, 拉, 牵引 / vt. 起草, 征兵, 选派	drɑ:ft. dræft
CET4_CORE_2080	draw	v. 画，划；拖；拨出	vi. 拉, 拖, 拔剑 / vt. 拖拉, 挨近, 领取, 打成平局, 引导, 抽签决定, 画, 描写, 制订, 草拟, 吸引 / n. 拉, 拖, 拔出, 抽签, 平局 / [计] 翻牌, 绘图	drɒ:
CET4_CORE_2083	dread	n. 畏惧；恐怖； v. 惧怕	n. 恐惧, 可怕的人(或事) / a. 可怕的, 可怖的 / v. 恐惧, 害怕	dred
CET4_CORE_289	dropout	n. 辍学	n. 退学学生, 中途退学 / [电] 离去	'drɒpaut
CET4_CORE_2095	drug	n. 药，药物，药材	n. 药, 麻药, 麻醉药 / vi. 吸毒 / vt. 使服麻醉药, 使麻木	drʌg
CET4_CORE_2096	drum	n. 鼓；鼓状物，圆桶	n. 鼓, 鼓声 / vi. 击鼓, 作鼓声 / vt. 打鼓奏出 / [计] 磁鼓	drʌm
CET4_CORE_2097	drunk	adj. 醉的；陶醉的	a. 喝醉了的 / drink的过去式	drʌŋk
CET4_CORE_2099	duck	n. 鸭，雌鸭；鸭肉	n. 鸭子 / vi. 没入水中, 闪避 / vt. 猛按...入水, 躲避	dʌk
CET4_CORE_2100	dull	adj. 枯燥的；不鲜明的	a. 钝的, 无趣的, 呆滞的, 阴暗的 / vt. 使迟钝, 使阴暗, 缓和 / vi. 变迟钝, 减少	dʌl
CET4_CORE_2103	during	prep. 在…期间	prep. 在...的时候	'djuәriŋ
CET4_CORE_2112	eagle	n. 鹰	n. 鹰, 鹰状标饰	'i:gl
CET4_CORE_293	ease	n. 轻松，舒适	n. 安乐, 安逸, 悠闲 / vt. 使安乐, 使安心, 减轻, 放松 / vi. 减轻, 放松, 灵活地移动	i:z
CET4_CORE_2123	eat	v. 吃，喝； v. 吃饭	v. 吃, 腐蚀	i:t
CET4_CORE_2135	efficient	adj. 效率高的，有能力的	a. 有效率的, 能干的	i'fiʃәnt
CET4_CORE_2137	egg	n. 蛋，鸡蛋，卵	n. 蛋, 卵 / vt. 挑唆, 煽动, 调蛋黄	eg
CET4_CORE_2143	elaborate	adj. 复杂的；精心制作的	a. 精细的, 详尽的, 精心计划(或制作)的 / vt. 详细地说明, 用心地制作, 发挥 / vi. 变复杂, 作详细说明	i'læbәreit
CET4_CORE_2145	elbow	n. 肘，肘部；弯管	n. 手肘, 弯头, 扶手 / v. 用手肘推开, 推挤	'elbәu
CET4_CORE_4400	elderly	adj. 较老的，年长的； n. 到了晚年的人， 老年人	a. 过了中年的, 稍老的	'eldәli
CET4_CORE_298	embarrass	v. 尴尬	vt. 使困窘, 使局促不安, 阻碍	im'bærәs
CET4_CORE_303	emission	n. 排放，辐射	n. 发射, 射出, 发行 / [医] 发射, 遗精	i'miʃәn
CET4_CORE_2175	ending	n. 结尾，结局；死亡	n. 终止, 终了, 收场 / [医] 末梢	'endiŋ
CET4_CORE_2176	endless	adj. 无止境的	a. 不停的, 无穷尽的, 无尽的 / [机] 无端的, 环状的	'endlis
CET4_CORE_2184	Englishman	n. 英国男子	n. 英国人	'iŋgliʃmәn
CET4_CORE_314	enrich	v. 丰富；使富有	vt. 使富足, 使肥沃	in'ritʃ
CET4_CORE_316	enrollment	n. 入学人数	n. 登记, 注册, 入伍 / [经] 登记, 注册	in'rәulmәnt
CET4_CORE_324	essay	n. 散文，文章	n. 随笔, 短文, 评论, 企图 / vt. 试图	'esei. e'sei
CET4_CORE_328	esteem	n. 自尊	n. 尊敬, 尊重 / vt. 尊敬, 尊重, 认为	i'sti:m
CET4_CORE_2229	excite	v. 使激动；引起	vt. 刺激, 使兴奋, 激励	ik'sait
CET4_CORE_4407	exclusive	adj. 奢华的，高级的；独有的，独享的；排斥的，排他的；不包括…的，不把…计算在内的； n. 独家新闻	a. 排外的, 独占的, 唯一的 / [计] 独占的	ik'sklu:siv
CET4_CORE_838	exhaust	v. 使筋疲力尽	n. 排气, 排气装置, 废气 / vt. 抽完, 用尽, 耗尽, 使精疲力尽 / vi. 排气	ig'zɒ:st
CET4_CORE_340	expand	v. 扩大	vt. 使膨胀, 详述, 扩张 / vi. 张开, 发展 / vt. 展开 / vi. 展开 / [计] 展开; DOS外部命令:将原始DOS磁盘上的压缩文件解压缩并拷贝到硬盘上	ik'spænd
CET4_CORE_341	exploit	v. 开采	n. 功绩, 勋绩 / vt. 开发, 利用, 开拓, 剥削	'eksplɒit
CET4_CORE_342	explore	v. 探索	v. 探险, 探测, 探究	ik'splɒ:
CET4_CORE_347	extension	n. 分机	n. 延长, 扩充, 范围, 扩展名 / a. 伸缩的 / [计] 扩展名, 扩充名	ik'stenʃәn
CET4_CORE_2269	face	n. 脸；表面；外表	n. 脸, 面容, 正面, 外观 / vt. 面对, 朝, 正视, 面临 / vi. 朝, 向 / [计] 现场可改变的控制元件	feis
CET4_CORE_812	fair	n. 集市	n. 展览会, 市集, 美好的事物 / a. 公平的, 按规则进行的, 不好不坏的, 晴朗的, 美丽的 / adv. 公平地, 正面地, 有教养地, 清楚地 / vi. 转晴	fєә
CET4_CORE_2279	faithful	adj. 忠诚的；如实的	a. 忠实的, 详确的, 可靠的 / n. 信徒	'feiθful
CET4_CORE_2281	FALSE	adj. 不真实的；伪造的	a. 错误的, 虚伪的, 假的, 不老实的 / adv. 不准确地, 欺诈地	fɒ:ls
CET4_CORE_1110	fancy	adj. 华丽的，别致的	n. 想象力, 幻想, 喜好 / a. 想象的, 精美的, 新奇的, 奇特的, 高价的, 特级的 / vt. 想象, 设想, 相信, 喜爱 / vi. 想象, 幻想	'fænsi
CET4_CORE_4230	fantastic	adj. 极好的， 极出色的， 了不起的； 极大的； 难以相信的； 异想天开的， 不实际的； 奇异的， 古怪的	a. 奇妙的, 稀奇的, 空想的	fæn'tæstik
CET4_CORE_2288	fare	n. 车费，船费，票价	n. 费用, 旅客, 食物 / vi. 进展, 进步, 经营, 过活	fєә
CET4_CORE_353	fascinate	v. 强烈地吸引，迷住	vt. 令人入神, 使着迷 / vi. 入迷	'fæsineit
CET4_CORE_2295	fast	adj. 快的；偏快的； adv. 快	a. 快速的, 紧的 / adv. 很快地, 紧紧地, 彻底地 / n. 绝食, 斋戒 / vi. 绝食, 斋戒	fɑ:st
CET4_CORE_2296	fasten	v. 扎牢，扣住	vt. 拴紧, 使固定, 系, 集中于, 强加于 / vi. 扣紧	'fɑ:sәn
CET4_CORE_869	favor	v. 偏好, 赞同	n. 好意, 喜爱 / vt. 赐予, 支持, 喜欢, 证实	'feivә
CET4_CORE_358	favorable	adj. 赞同的	a. 有利的, 赞许的, 良好的	'feivәrәbl
CET4_CORE_360	feature	n. 特点	n. 面孔的一部分(如眼、口等), 特征, 容貌, 特色, 特写 / vt. 是...的特色, 特写, 放映 / vi. 起重要作用 / [计] 特性	'fi:tʃә
CET4_CORE_2309	fee	n. 费，酬金；赏金	n. 费用, 小费, 封地, 所有权 / vt. 付费给	fi:
CET4_CORE_2314	fellow	n. 人，家伙；伙伴	n. 男人, 朋友, 同事 / a. 同伴的, 同事的, 同道的	'felәu
CET4_CORE_840	fetch	v. 取回	n. 取得, 拿, 诡计, 魂 / vt. 接来, 取来, 售得, 带来, 推出, 引出, 杀死, 吸引, 到达 / vi. 取物, 前进 / [计] 取	fetʃ
CET4_CORE_2323	field	n. 田野；田；运动场	n. 领域, 田地, 场地, 战场, 场, 域 / vt. 使...晒在场上, 使上场 / a. 田间的, 野生的, 野外的, 田赛的 / [计] 域, 字段	fi:ld
CET4_CORE_2328	fight	v. 打(仗)；斗争	n. 打架, 争吵, 斗志 / v. 对抗, 打架	fait
CET4_CORE_2345	fist	n. 拳(头)	n. 拳头, 手 / vt. 拳打, 握成拳, 紧握	fist
CET4_CORE_2349	flag	n. 旗，旗帜；旗舰旗	n. 标志, 旗标, 旗子, 信号旗, 菖蒲 / vt. 悬旗, 打旗号, 铺石板 / vi. 无力地下垂 / [计] 标志; 属性标记命令	flæg
CET4_CORE_2353	flat	adj. 平的，扁平的	a. 平坦的, 单调的, 无力的, 浅的, 萧条的, 干脆的, 无聊的 / adv. 平直地, 断然地 / n. 扁平物, 平面, 平地, 平原, 平板车 / v. (使)变平	flæt
CET4_CORE_2371	fog	n. 雾；烟雾，尘雾	n. 雾, 迷惑, (割后的)最生草, 苔藓 / vi. 被雾笼罩, 变模糊 / vt. 使困惑, 以雾笼罩	fɒg
CET4_CORE_2376	fond	adj. 喜爱的；溺爱的	a. 喜欢的, 宠爱的, 温柔的	fɒnd
CET4_CORE_1062	foreseeable	adj. 可以预见的	a. 可预知的, 能预测的 / [法] 可预见的, 可预料的	'fɒ:'si:әbl
CET4_CORE_2395	fork	n. 餐叉；叉；分叉	n. 叉子, 叉状物, 分岔 / vi. 分支, 分歧 / vt. 做成叉形, 叉起 / [计] 派生指令	fɒ:k
CET4_CORE_370	formulate	v. 规定，制定	vt. 用公式表示, 明确叙述, 制订 / [机] 公式化, 公式表示	'fɒ:mjuleit
CET4_CORE_2426	frequently	adv. 时常，常常	adv. 频繁, 经常地	'fri:kwәntli
CET4_CORE_2434	frog	n. 蛙	n. 青蛙 / [医] 蛙, 马蹄叉	frɒg
CET4_CORE_2435	from	prep. 从…来；离开	prep. 从, 来自, 根据	frɒm
CET4_CORE_2439	fruitful	adj. 多产的；肥沃的	a. 结果实的, 多实的, 产量多的	'fru:tful
CET4_CORE_955	fussy	adj. 大惊小怪的，小题大做的	a. 易怒的, 爱挑剔的, 难取悦的, 易烦恼的	'fʌsi
CET4_CORE_874	gallery	n. 美术馆	n. 走廊, 最高楼座, 画廊, 收集, 图库 / [计] 图库	'gælәri
CET4_CORE_2476	gentle	adj. 和蔼的；轻柔的	a. 温和的, 文雅的	'dʒentl
CET4_CORE_2478	gently	adv. 有礼貌地；柔和地	adv. 温和地, 温柔地, 轻轻地, 逐渐地	'dʒentli
CET4_CORE_2488	give	v. 做，作；送给	n. 弹性, 适应性 / vt. 给, 授予, 供给, 产生, 发表, 付出, 献出, 让出 / vi. 捐赠, 支持不住, 让步	giv
CET4_CORE_4247	given	adj. 规定的，特定的；假设的；已知的；有癖好的，有倾向的； prep. 考虑到	a. 赠予的, 沉溺的, 约定的 / give的过去分词	'givәn
CET4_CORE_2495	glitter	v. 闪闪发光； n. 闪光	n. 灿烂, 闪烁, 辉耀 / vi. 灿烂, 闪烁, 辉耀	'glitә
CET4_CORE_389	gloomy	adj. 阴沉的，沮丧的	a. 抑沉的, 忧闷的, 黑暗的, 悲观的	'glu:mi
CET4_CORE_390	glorious	adj. 辉煌的	a. 光荣的	'glɒ:riәs
CET4_CORE_2499	glow	n. 白热光； v. 发白热光	n. 赤热, 光辉, 热情, 热烈, 红光 / vi. 发红光, 红光焕发, 发热, 洋溢, 激动	glәu
CET4_CORE_2501	go	v. 去；走；变为	vi. 去, 走, 达到, 运转, 查阅, 消失, 结束, 放弃, 花费, 流传, 趋于, 打算, 剩下 / vt. 以...打赌, 对付, 忍受, 出产, 为被捕者出(保释金) / n. 去, 尝试, 进行	gou
CET4_CORE_2514	gown	n. 长袍，长外衣	n. 睡衣, 法衣, 大学全体师生 / vt. 使穿睡衣	gaun
CET4_CORE_391	grab	v. 抢先，抢占，抢夺	n. 抓握, 掠夺, 强占, 东方沿岸帆船 / vi. 抓取, 抢去 / vt. 攫取, 捕获, 霸占	græb
CET4_CORE_2517	gracious	adj. 有礼貌的；仁慈的	a. 亲切的, 慈善的	'greiʃәs
CET4_CORE_1067	grain	n. 谷物，粮食	n. 谷粒, 颗粒, 谷类, 纹理, 本质 / v. (使)成谷粒	grein
CET4_CORE_4410	gram	n. 克	n. 克, 绿豆, 鹰嘴豆 / [医] 克	græm
CET4_CORE_2533	grass	n. 草；牧草；草地	n. 草, 草原, 牧场 / [医] 草, 禾本	græs
CET4_CORE_827	grid	n. 输电网	n. 格子, 栅格 / [计] 网格	grid
CET4_CORE_930	grief	n. 悲伤	n. 伤心, 忧愁, 悲痛, 不幸, 灾难	gri:f
CET4_CORE_2548	grind	v. 磨(碎)；磨快	n. 磨, 碾, 苦差, 摩擦声, 用功的学生 / vt. 磨擦, 磨碎, 磨光, 折磨, 压榨 / vi. 磨, 磨碎, 苦干	graind
CET4_CORE_2552	gross	adj. 总的；严重的	n. 总数, 总量 / a. 总共的, 未打折扣的, 恶劣的, 粗野的 / vt. 总共收入	grәus
CET4_CORE_2554	group	n. 小组，群； v. 聚集	n. 团体, 组, 团, 群 / v. 聚合, 成群 / [计] 创建组; 组, 用户组	gru:p
CET4_CORE_395	guideline	n. 指导原则	n. 指导路线, 方针, 指标 / [经] 指导路线, 方针, 准则	'gaidlain
CET4_CORE_992	gum	n. 牙龈	n. 树胶, 橡皮, 橡皮糖, 牙床, 老天 / vt. 涂以树胶, 用胶粘, 使有粘性 / vi. 分泌树胶, 发粘	gʌm
CET4_CORE_2575	hammer	n. 锤，榔头； v. 锤击	n. 锤, 铁锤, 钉锤 / vt. 锤打, 敲打, 钉 / vi. 连续锤打 / [计] 锤头	'hæmә
CET4_CORE_2582	hang	v. 挂，悬；吊死	n. 悬挂, 诀窍, 意义 / vt. 悬挂, 附着, 装饰, 垂下, 踌躇, 绞死, 使悬而未决 / vi. 悬着, 垂下, 被绞死, 悬而不决	hæŋ
CET4_CORE_400	harm	n & v. 有害	n. 伤害, 害处 / vt. 伤害, 损害	hɑ:m
CET4_CORE_402	harmony	n. 和谐	n. 协调, 和睦, 调和 / [电] 和声学	'hɑ:mәni
CET4_CORE_403	harsh	adj. 严酷的	a. 粗糙的, 刺耳的, 严厉的 / [法] 粗糙的, 严厉的, 苛刻的	hɑ:ʃ
CET4_CORE_2596	hasty	adj. 急速的；仓促的	a. 匆匆的, 轻率的, 性怠的	'heisti
CET4_CORE_2603	hawk	n. 鹰，隼	n. 鹰, 掠夺者, 鹰派成员 / vi. 放鹰行猎, 像鹰一般地袭击, 清嗓, 咳嗽 / vt. 捕捉, 咳出, 兜售, 叫卖, 散播	hɒ:k
CET4_CORE_2606	head	n. 头；上端； v. 率领	n. 头, 头脑, 领袖, 脑袋, 最前的部分 / vt. 为首, 朝向, 前进, 用头顶 / vi. 朝特定方向行进, (作物)结穗 / a. 头的, 在顶端的, 主要的 / [计] 磁头; 冲头	hed
CET4_CORE_2609	headline	n. 大字标题；新闻提要	n. 大标题, 新闻摘要 / vt. 为...做标题, 写标题	'hedlain
CET4_CORE_1023	headquarter	v. 设立总部，在…设立总部	vt. 将...的总部设在	,hed'kwɔ:tә
CET4_CORE_2615	heap	n. (一)堆；大量	n. 堆, 许多, 累积 / vt. 堆积, 装满 / [计] 堆	hi:p
CET4_CORE_2618	heat	n. 热，炎热； v. 变热	n. 热, 热度, 体温, 高潮 / vi. 加热, 激昂, 加剧 / vt. 把...加热, 使激动	hi:t
CET4_CORE_2621	heavily	adv. 重重地；大量地	adv. 很重地, 严重地, 难以忍受地	'hevili
CET4_CORE_2629	hello	int. 喂	interj. 喂, 嘿	hә'lәu
CET4_CORE_4525	hesitant	adj. 犹豫的； 吞吞吐吐的	a. 迟疑的, 踌躇的, 犹豫不定的	'hezitәnt
CET4_CORE_2645	hi	int. 嗨(表示问候等)	interj. 喂	hai
CET4_CORE_406	hire	v. 雇佣	n. 租金, 租用, 雇用 / vt. 雇请, 出租 / vi. 受雇	haiә
CET4_CORE_2660	hole	n. 洞；孔眼，裂开处	n. 孔, 洞, 穴, 漏洞 / vt. 挖洞, 掘坑 / vi. 进洞, 凿洞	hәul
CET4_CORE_4464	homogeneous	adj. 同种类的， 同性质的， 有相同特征的	a. 同种的, 同质的, 齐性的 / [医] 同种的, 纯一的, 同质的, 均匀的	.hәumә'dʒi:niәs
CET4_CORE_409	honor	v. 纪念	n. 荣誉, 头衔, 信用, 尊敬, 名誉, 阁下, 勋章 / vt. 尊敬, 授予荣誉, 承兑, 实践	'ɒnә
CET4_CORE_2669	honourable	adj. 诚实的；光荣的	a. 值得尊敬的, 荣耀的, 高贵的 / [法] 荣誉的, 正直的, 体面的	'ɒnәrәbl
CET4_CORE_2678	horse	n. 马；马科动物	n. 马, 骑兵, 脚架 / vi. 骑马, 取笑 / vt. 使骑马, 系马于	hɒ:s
CET4_CORE_1132	hospitable	adj. 热情友好的	a. 好客的, 招待周到的	'hɒspitәbl
CET4_CORE_410	hospitalize	v. 就医	vt. 送...进医院治疗 / [医] 入院	'hɒspitәlaiz
CET4_CORE_2683	hostile	adj. 敌方的；不友善的	a. 敌人的, 怀敌意的, 敌对的 / n. 敌对分子	'hɒstail
CET4_CORE_2702	hurt	v. 使受伤；使痛心	n. 伤害, 创伤, 损害 / v. 伤害, (使)伤心, 危害, 刺痛	hә:t
CET4_CORE_2713	ill	adj. 有病的；坏的； adv. 坏	n. 疾病, 坏事, 罪恶, 灾难 / a. 生病的, 邪恶的, 不吉利的, 敌意的, 不良的, 不顺利的 / adv. 有害地, 不幸地, 几乎不	il
CET4_CORE_2716	imagination	n. 想象；想象力；空想	n. 想像, 听觉, 想像力 / [医] 想像	i.mædʒi'neiʃәn
CET4_CORE_1008	immeasurable	adj. 无法估量的	a. 不可测量的, 无限的, 广大无边的	i'meʒәrәbl
CET4_CORE_2720	immense	adj. 巨大的；极好的	a. 极广大的, 无边的, 非常好的	i'mens
CET4_CORE_2728	impressive	adj. 给人印象深刻的	a. 给人深刻印象的, 威严的	im'presiv
CET4_CORE_2732	in	prep. 在…里ad进，入	prep. 在...期间, 在...之内, 处于...之中, 从事于, 按照, 穿着 / adv. 进入, 朝里, 在里面, 在屋里 / a. 在里面的, 在朝的 / n. 执政者, 交情	in
CET4_CORE_432	inadequate	adj. 不足的，不够的	a. 不充分的, 不适当的 / [法] 不充分的, 不适当的	in'ædikwәt
CET4_CORE_433	inappropriate	adj. 不合适的	a. 不适当的, 不相称的	.inә'prәupriәt
CET4_CORE_2738	increasingly	adv. 日益，越来越多地	adv. 逐渐地, 渐增地	in'kri:siŋli
CET4_CORE_435	incredible	adj. 不可思议的	a. 难以置信的	in'kredәbl
CET4_CORE_2740	indefinite	adj. 不明确的；不定的	a. 模糊的, 不确定的, 无限的 / [法] 不确定的, 无限制的	in'definit
CET4_CORE_436	indicate	v. 表明	vt. 显示, 象征, 指示, 指出 / [医] 指示	'indikeit
CET4_CORE_998	indifferent	adj. 冷漠的	a. 漠不关心的, 无重要性的, 中立的 / [医] 中性的, 无作用的, 无亲和力的, 淡漠的	in'difәrәnt
CET4_CORE_437	indispensable	adj. 必不可少的	n. 不可缺少之物 / a. 不可缺少的, 责无旁贷的, 绝对必要的	.indis'pensәbl
CET4_CORE_2749	indoors	adv. 在室内，在屋里	adv. 在户内	'in'dɒ:z
CET4_CORE_2754	inexpensive	adj. 花费不多的，廉价的	a. 便宜的, 不贵重的	.inik'spensiv
CET4_CORE_2758	inferior	adj. 下等的；劣等的	a. 次等的, 较差的, 下方的, 下级的 / n. 部下, 次品, 下标(符号)	in'fiәriә
CET4_CORE_445	influential	adj. 有影响力的	a. 有影响的, 有势力的	.infu'enʃәl
CET4_CORE_450	injure	v. 使受伤	vt. 伤害, 损害, 使受冤屈 / [医] 损伤	'indʒә
CET4_CORE_2767	inn	n. 小旅店；小酒店	n. 旅馆, 客栈 / vi. 住旅馆	in
CET4_CORE_461	institute	n & v. 建立	n. 学会, 学院, 协会 / vt. 创立, 开始, 制定, 任命	'institju:t
CET4_CORE_466	intake	n. 摄入	n. 入口, 吸入, 吸入量 / [医] 摄取量	'inteik
CET4_CORE_4457	integrate	v. 成为一体， 合并	vt. 综合, 使完整, 使成整体 / vi. 成一体 / a. 完整的, 完全的	'intigreit
CET4_CORE_2785	interaction	n. 相互作用；干扰	n. 交互作用, 交感 / [计] 交互作用	.intәr'ækʃәn
CET4_CORE_471	interconnect	v. 相互联系	vt. 使互相连接	.intәkә'nekt
CET4_CORE_472	interdependence	n. 相互依靠	n. 互相依赖	.intәdi'pendәns.-dәnsi
CET4_CORE_1078	interpretation	n. 阐释，说明	n. 解释, 演出, 翻译 / [计] 插值; 插值法; 解释	in.tә:pri'teiʃәn
CET4_CORE_474	interracial	adj. 种族间的	a. 人种间的, 人种混合的	.intә'reiʃjәl
CET4_CORE_475	intervention	n. 干涉	n. 插入, 介入, 调停 / [经] 干预	.intә'venʃәn
CET4_CORE_1012	invariably	adv. 不变地，一直	adv. 不变化地, 恒定地, 始终如一地	in'vєәriәbli
CET4_CORE_1039	irregular	adj. 不规律的	n. 不规则物, 不合规格之物 / a. 不规则的, 不整齐的, 不合法的	i'regjulә
CET4_CORE_2818	jacket	n. 短上衣，茄克衫	n. 夹克, 外套, 护套 / vt. 给...穿夹克, 给...装护套	'dʒækit
CET4_CORE_2825	jaw	n. 颌，颚	n. 颚, 颌 / v. 闲谈, 教训, 唠叨	dʒɒ:
CET4_CORE_2826	jazz	n. 爵士音乐，爵士舞曲	n. 爵士乐, 喧闹 / a. 爵士乐的, 喧吵的 / vi. 演奏爵士乐, 跳爵士舞, 游荡 / vt. 奏爵士乐, 使活泼	dʒæz
CET4_CORE_2827	jealous	adj. 妒忌的；猜疑的	a. 嫉妒的, 羡慕的, 留心的, 戒备的	'dʒelәs
CET4_CORE_2839	joyful	adj. 十分喜悦的，快乐的	a. 欢喜的, 高兴的, 令人高兴的	'dʒɒiful
CET4_CORE_2841	juice	n. (水果等)汁，液	n. 汁, 活力, 体液 / vt. 挤出汁来, 加汁	dʒu:s
CET4_CORE_486	keenly	adv. 敏锐地	adv. 锐利地, 敏捷地, 激烈地	'ki:nli
CET4_CORE_2851	keeper	n. 看护人；饲养员	n. 监护人, 管理人, 看守人 / [机] 保管人, 看守人, 保持片	'ki:pә
CET4_CORE_2852	kettle	n. 水壶，水锅	n. 茶壶, 罐 / [化] 釜体釜; 锅	'ketl
CET4_CORE_2855	kick	vi&vt&n. 踢	n. 踢, 反冲, 后座力, 凹底 / vi. 踢, 反抗, 反冲 / vt. 踢, 反冲	kik
CET4_CORE_4443	kindergarten	n. 幼儿园	n. 幼稚园	'kindә.gɑ:tn
CET4_CORE_2871	knob	n. 门把，拉手；旋纽	n. 把手, 瘤, 旋钮, 球形突出物 / vt. 使有球形突出物 / vi. 鼓起	nɒb
CET4_CORE_2872	knock	vi&vt&n. 敲，击，打	n. 敲, 敲打, 敲门 / v. 敲击, 互撞, 攻击	nɒk
CET4_CORE_2873	knot	n. (绳的)结，(树的)节	n. 结, 群, 难题 / v. 打结, (使)纠缠	nɒt
CET4_CORE_973	laborious	adj. 费力的	a. 艰苦的, 费劲的, 勤劳的	lә'bɒ:riәs
CET4_CORE_4220	lad	n. 男孩， 小伙子	n. 青年, 家伙, 少年, 情人	læd
CET4_CORE_2885	lake	n. 湖	n. 湖, 池, 色淀 / v. (使)血球溶解	leik
CET4_CORE_2887	lame	adj. 跛的；瘸的，残废的	a. 跛足的, 僵痛的, 不完全的, 金属薄板, 不知内情的人 / vi. 变跛 / vt. 使成残废, 使无用	leim
CET4_CORE_2902	later	adv. 后来；过一会儿	adv. 以后, 随后	'leitә
CET4_CORE_2905	laugh	v. 笑，发笑； n. 笑	n. 笑, 笑声 / vi. 笑, 大笑 / vt. 以笑表示	lɑ:f
CET4_CORE_2912	layer	n. 层，层次；铺设者	n. 层, 产卵鸡, 放置者 / vt. 分层堆积, 压植 / [计] 层	'leiә
CET4_CORE_2915	lead	n. 铅，铅制品	n. 铅, 铅条, 领导, 超前量, 领引, 榜样, 主角, 导线 / vt. 引导, 带领, 领导, 指挥, 致使, 加铅于, 用铅包 / vi. 领导, 带头, 导致, 用测深锤测深, 被铅覆盖 / a. 带头的, 最重要的	li:d. led
CET4_CORE_2919	leaf	n. 叶，叶子	n. 叶, 树叶, 花瓣, 页 / vi. 生叶, 翻书页 / vt. 在...上长叶, 翻...的页	li:f
CET4_CORE_2932	leg	n. 腿，腿部	n. 腿, 假腿, 路程 / vi. 走, 跑	leg
CET4_CORE_2934	lend	v. 把…借给，贷(款)	vt. 借, 贷款给, 增添, 提供, 出租 / vi. 贷款	lend
CET4_CORE_2938	lesson	n. 功课，课；课程	n. 课, 课业, 教训	'lesn
CET4_CORE_2940	let	v. 允许，让；使	vt. 让, 假设, 出租, 排放, 妨碍 / vi. 出租, 被承包 / n. 出租屋, 障碍	let
CET4_CORE_2944	liable	adj. 易于…的；可能的	a. 有义务的, 应负责的, 有...倾向的 / [法] 有责任的, 可受处理的, 应受罚的	'laiәbl
CET4_CORE_2945	liar	n. 说谎的人	n. 说谎者	'laiә
CET4_CORE_2949	librarian	n. 图书馆馆长	n. 图书馆员, 图书管理员 / [计] 程序库管理程序; 程序库生成程序	lai'brєәriәn
CET4_CORE_2952	lick	v. 舔；舔吃	n. 舔, 少许, 打 / vt. 舔, 卷过, 鞭打 / vi. 轻轻拍打	lik
CET4_CORE_2966	limb	n. 肢，臂，翼；树枝	n. 四肢, 枝干, 翼, 边缘 / vt. 切断...之手足	lim
CET4_CORE_2982	liter	n. 升(容量单位)	n. 公升 / [化] 升	'li:tә
CET4_CORE_2995	log	n. 原木，木料	n. 记录, 圆木, 日志, 计程仪 / vt. 伐木, 切, 航行 / vi. 伐木 / [计] 日志	lɒg
CET4_CORE_2999	loop	n. 圈，环，环孔	n. 环, 圈, 弯曲部分, 循环 / vt. 使成环, 以圈结, 以环连结 / vi. 打环, 翻筋斗 / [计] 循环	lu:p
CET4_CORE_3001	loosen	v. 解开；使松驰	vt. 放松, 松开, 解除 / vi. 变松, 松弛	lu:sn
CET4_CORE_3007	loud	adj. 响亮的；吵闹的	a. 大声的, 不断的, 喧吵的 / adv. 高声地, 大声地	laud
CET4_CORE_3038	male	adj. 男的，雄的； n. 男子	n. 男人, 雄性动物 / a. 男性的, 雄性的, 有力的	meil
CET4_CORE_3044	manly	adj. 男子气概的，果断的	a. 象男人的, 强壮的, 适于男人的	'mænli
CET4_CORE_507	marvelous	adj. 引起惊异的	a. 令人惊异的, 了不起的, 不平常的	'mɑ:vәlәs
CET4_CORE_3064	mat	n. 席子；草席；垫子	n. 垫, 丛, 衬边 / a. 粗糙的, 无光泽的 / vi. 纠缠在一起 / vt. 铺席于...上, 使无光泽, 使缠结	mæt
CET4_CORE_3078	mean	v. 作…解释；意指	a. 低劣的, 卑贱的, 简陋的, 吝啬的, 惭愧的, 平均的, 中间的, 普通的 / vt. 意谓, 想要, 意欲, 预定 / vi. 用意, 有意义 / n. 平均数, 中间, 中庸	mi:n
CET4_CORE_3084	meat	n. 肉	n. 肉, 餐, 食物 / [经] 肉类	mi:t
CET4_CORE_514	mechanic	n. 机械师	n. 机械工, 技工 / a. 手工的	mi'kænik
CET4_CORE_515	mechanism	n. 机制，机能	n. 机械, 机构, 结构, 机理, 技巧 / [化] 机理; 历程; 机构	'mekәnizm
CET4_CORE_4401	media	n. 新闻媒介， 传播媒介	n. 媒体 / [计] 媒质	'mi:diә
CET4_CORE_3094	meeting	n. 聚集，会合，会见	n. 会议, 会面 / [法] 会议, 会谈, 集会	'mi:tiŋ
CET4_CORE_909	melt	v. 融化	n. 熔化, 熔化物, 溶解 / v. (使)熔化, (使)溶解, (使)消散, (使)变软	melt
CET4_CORE_3100	mental	adj. 智力的；精神的	a. 心智的, 精神病的, 心理的, 颏的 / n. 精神病患者	'mentl
CET4_CORE_3120	middle	n. 中部； adj. 中部的	n. 中央, 中间, 腰部 / a. 中央的, 中庸的, 中间的	'midl
CET4_CORE_3126	milk	n. 乳，牛奶； v. 挤(奶)	n. 奶, 乳状物 / vt. 挤乳, 榨取 / vi. 产乳	milk
CET4_CORE_971	mill	n. 工厂	n. 压榨机, 磨坊, 制造厂 / vt. 碾磨, 磨细, 搅拌, 使乱转 / vi. 乱转, 被碾磨	mil
CET4_CORE_3134	ministry	n. (政府的)部	n. 部, 内阁, 服务 / [经] 部	'ministri
CET4_CORE_3142	missing	adj. 缺掉的，失去的	a. 不见的, 缺少的 / [法] 行踪不明的, 失踪的, 遗失的	'misiŋ
CET4_CORE_3143	mist	n. 薄雾	n. 雾, 迷蒙, 朦胧不清 / vt. 使模糊, 使蒙上雾 / vi. 变模糊, 下雾	mist
CET4_CORE_3150	mobile	adj. 运动的；流动的	a. 移动的, 易变的, 机动的 / n. 活动物体	'mәubil
CET4_CORE_3155	modest	adj. 有节制的；谦虚的	a. 谦逊的, 羞怯的, 端庄的, 适度的 / [经] 适当的	'mɒdist
CET4_CORE_3171	mortal	adj. 终有一死的；致死的	n. 生物, 人类 / a. 不免一死的, 人类的, 临终的	'mɒ:tәl
CET4_CORE_3183	mouse	n. 鼠，耗子	n. 老鼠, 胆小羞怯的人, 鼠标 / vi. 捕鼠, 窥探 / vt. 探出 / [计] 鼠标	maus
CET4_CORE_3190	mud	n. 软泥，泥浆	n. 泥, 诽谤 / vt. 弄脏	mʌd
CET4_CORE_3204	mute	adj. 缄默的； n. 哑巴	n. 哑子, 哑音字母, 弱音器 / a. 哑的, 无声的, 沉默的 / vt. 减弱...的声音 / vi. 排泄	mju:t
CET4_CORE_530	narrow	v. 限制	n. 狭窄部分, 隘路 / a. 狭窄的, 仔细的, 有限的, 勉强的, 狭隘的, 手紧的 / vi. 变窄 / vt. 使变狭窄	'nærәu
CET4_CORE_3214	nasty	adj. 龌龊的；淫猥的	a. 污秽的, 下流的, 险恶的	'nɑ:sti
CET4_CORE_3236	needle	n. 针，缝补，编织针	n. 针, 尖 / vt. 用针缝 / vi. 缝纫 / [计] 探针	'ni:dl
CET4_CORE_534	neighborhood	n. 地区	n. 附近, 邻近	'neibәhud
CET4_CORE_3245	nest	n. 巢，窝，穴	n. 巢, 窝, 休息所, 隐匿处 / vi. 筑巢, 找鸟巢 / vt. 为...设窝, 使套叠 / [计] 嵌套	nest
CET4_CORE_3257	night	n. 夜，夜间	n. 夜, 夜晚, 晚上, 黑暗, 夜晚的工作 / [法] 夜, 黑夜, 黑暗	nait
CET4_CORE_3270	nonsense	n. 胡说，废话	n. 无意义的事, 荒谬言行, 荒唐	'nɒnsәns
CET4_CORE_3280	not	adv. 不，没有	adv. 不, 非, 未 / [计] 非	nɒt
CET4_CORE_4311	nourish	v. 提供养分， 养育	vt. 滋养, 使健壮, 怀有	'nә:riʃ
CET4_CORE_3291	nowhere	adv. 任何地方都不	adv. 无处, 到处都无	'nәuhwєә
CET4_CORE_3296	numerous	adj. 为数众多的；许多	a. 很多的, 数目众多的, 多数的 / [机] 多数的, 甚多的	'nju:mәrәs
CET4_CORE_3301	oak	n. 栎属植物；栎木	n. 橡树, 橡木 / a. 橡木制的	әuk
CET4_CORE_3302	oar	n. 浆，橹	n. 桨, 桨手, 搅棒 / vi. 划桨 / vt. 划动	ɒ:
CET4_CORE_3312	occasionally	adv. 偶然；非经常地	adv. 有时候, 偶而	ә'keiʒәnli
CET4_CORE_3321	of	prep. …的；由于	prep. 的, 属于	ɒv
CET4_CORE_3322	off	adv. (离)开；(停)止	a. 关着的, 不再生效的, 处于...境况的, 休假的, 空闲的 / adv. 走开, ...掉, ...下, 休息, 出发, 隔断 / prep. 离开, 脱落, 不在从事......, 在...之外 / vi. 离开, 滚开 / vt. 杀死 / n. 关闭状态 / [计] 关闭, 清屏命令	ɒf
CET4_CORE_3329	oh	int. 嗬，哦，唉呀	interj. (表示惊讶、恐怖、赞叹)哦	әu
CET4_CORE_3331	okay	(缩作ok)a&ad. 对，好	a. 好, 可以, 行, 对, 好吗, 很好 / adv. 好, 可以, 行, 对, 好吗, 很好 / n. 同意, 签认, 批准, 认可 / vt. 同意, 签认, 批准, 认可	әj'kei
CET4_CORE_3334	on	prep. 在…上；在…旁	prep. 在...之上 / adv. ...上去 / a. 正起作用的 / [计] 打开	ɒn
CET4_CORE_3340	onto	prep. 到…上	prep. 在...之上	'ɒntu:
CET4_CORE_3346	operator	n. 操作人员，接线员	n. 操作员, 行家, 经纪人, 算子, 运算符 / [计] 运算符	'ɒpәreitә
CET4_CORE_3352	optional	adj. 可以任意选择的	a. 可选择的, 随意的 / [化] 选购的	'ɒpʃәnl
CET4_CORE_3355	orange	n. 橙(树)；柑(树)	n. 柑橘, 桔子, 橘色 / a. 橘色的	'ɒ:rindʒ
CET4_CORE_542	originate	v. 开始	vt. 创始, 发明, 发起 / vi. 发源, 发生, 起航 / [计] 发自	ә'ridʒineit
CET4_CORE_3370	otherwise	adv. 另外；要不然	adv. 否则, 不同地, 别的方式	'ʌðәwaiz
CET4_CORE_3383	outset	n. 开始，开端	n. 着手, 开头, 最初	'autset
CET4_CORE_3385	outskirt	n. 外边，郊区	n. 边缘, 郊外, 外围	'autskә:t
CET4_CORE_3390	over	prep. 在…上方；超过	adv. 结束, 越过, 从头到尾 / prep. 在...之上, 遍于...之上, 越过 / a. 上面的 / vt. 越过	'әuvә
CET4_CORE_3391	overall	n. 工装裤； adj. 全面的	a. 全部的, 全体的, 从头至尾的, 一切在内的 / adv. 从头到尾, 总的说来 / n. 罩衫, 工作服	'әuvәrɒ:l
CET4_CORE_826	overcharge	v. 向……多收费	v. 讨价过高, 装载过多, 过度充电, 渲染 / n. 超载, 装药过多, 过度充电	.әuvә'tʃɑ:dʒ
CET4_CORE_547	overload	n. 使负担太重	vt. 超载, 过载, 超过负荷 / n. 超载, 负荷过多	.әuvә'lәud
CET4_CORE_548	overtake	v. 超车	vt. 赶上, 突然降临于, 压倒, 代替	.әuvә'teik
CET4_CORE_3409	pad	n. 垫；本子； v. 填塞	n. 填补, 衬垫, 印色盒, 路 / vt. 填补, 走, 夸大 / vi. 步行 / [计] 焊接点; 包装配/拆卸	pæd
CET4_CORE_3410	page	n. 页	n. 页, 记录, 事件, 专栏, 男侍 / vt. 标明...的页数, 翻...的书页, 分页排版, 呼叫, 侍候 / vi. 翻书页, 侍侯 / [计] 页; 页面	peidʒ
CET4_CORE_3419	pan	n. 平底锅，盘子	n. 平锅, 浅盘, 盆地, 硬土层, 拍摄全景 / v. 上下左右移动, 摇镜头, 淘洗, 淘金	pæn
CET4_CORE_3420	panel	n. 专门小组；面，板	n. 嵌板, 仪表板, 专题讨论小组, 全体陪审员 / vt. 嵌镶板	'pænl
CET4_CORE_3423	paragraph	n. (文章的)段，节	n. 段落, 短评 / vt. 将...分段, 分段落 / vi. 写短讯 / [计] 段落	'pærәgrɑ:f
CET4_CORE_991	particle	n. 微粒	n. 颗粒, 粒子, 质点, 极小量 / [化] 粒子; 质点	'pɑ:tikl
CET4_CORE_3441	paste	n. 糊，酱；浆湖	n. 面团, 面食, 浆糊, 糊状物, 粘贴, 用拳重击 / vt. 用浆糊粘, 张贴, 狠狠地打 / [计] 粘贴	peist
CET4_CORE_3456	peasant	n. 农民	n. 农夫, 乡下人	'peznt
CET4_CORE_560	peer	n. 同龄人	n. 同等的人, 匹敌, 贵族 / vi. 凝视, 窥视, 费力地看, 隐现 / vt. 与...同等, 封为贵族	piә
CET4_CORE_1096	penalty	n. 惩罚	n. 处罚, 刑罚, 罚款, 罚球, 报应, 不利结果, 妨碍 / [经] 罚金(款), 违约金	'penәlti
CET4_CORE_3460	penetrate	v. 穿过； v. 穿入	vt. 穿透, 刺穿, 渗透, 看穿, 洞察, 了解, 使充溢 / vi. 刺入, 看穿, 渗透, 打进	'penitreit
CET4_CORE_3463	per	prep. 每	prep. 每一, 通过, 经, 按照 / [经] 每, 按照	pә:
CET4_CORE_3464	percent	n. 百分之…	n. 百分比, 百分数, 部分 / [机] 百分率	pә'sent
CET4_CORE_843	perception	n. 感知	n. 知觉, 感觉, 领悟力, 获取 / [医] 知觉	pә'sepʃәn
CET4_CORE_568	persuasion	n. 劝说	n. 说服, 信念, 派别, 说服力	pә'sweiʒәn
CET4_CORE_569	physical	adj. 身体上的	a. 身体的, 物质的, 自然的, 物理学的, 好色的 / n. 体格检查	'fizikl
CET4_CORE_3486	physician	n. 医生，内科医生	n. 医师, 内科医师, 解除痛苦者 / [医] 主治医师	fi'ziʃәn
CET4_CORE_3491	picture	n. 画，图片； v. 画	n. 图画, 照片, 景色, 美丽如画的人(或物), 化身, 生动的描述, 想像, 形象思维 / vt. 画, 拍摄, 用图说明, 描写, 想像 / [计] 图象; 形象; 字形	'piktʃә
CET4_CORE_3503	pinch	v. 捏，拧，掐掉	n. 捏, 拧, 撮, 少量, 收缩, 挤压, 夹痛, 苦恼, 逮捕, 指控, 匮乏, 紧急关头 / vt. 捏, 拧, 掐, 挤压, 修剪, 使困苦, 使萎缩, 节制, 少量加入, 逮捕, 勒索 / vi. 收缩, 节省, 挤压, 引起苦恼	pintʃ
CET4_CORE_3508	pit	n. 坑，地坑；煤矿	n. 深坑, 矿井, 果核, 地窖, 深渊, 绝境, 陷阱 / vt. 窖藏, 使凹下, 使有麻点, 去...之核, 使留疤痕, 使相斗, 使竞争 / vi. 起凹点, 凹陷	pit
CET4_CORE_1053	plague	v. 使困扰	n. 瘟疫, 天罚, 麻烦, 灾祸 / vt. 折磨, 使苦恼, 使得灾祸	pleig
CET4_CORE_3519	player	n. 游戏的人；比赛者	n. 竞赛者, 上场队员, 游戏者, 演员 / [经] 交易者	'pleiә
CET4_CORE_3527	plough	n. 犁； vt&vi. 犁，耕	n. 犁, 犁过的地 / vi. 用犁耕田, 开路 / vt. 耕, 犁, 开路	plau
CET4_CORE_3533	poem	n. 诗，韵文，诗体文	n. 诗, 诗般美的事物	'pәuim
CET4_CORE_996	pointless	adj. 无意义的	a. 不尖的, 钝的, 不得要领的	'pɒintlis
CET4_CORE_3537	pole	n. 杆，柱	n. 波兰人, 极点, 磁极, 电极, 杆, 竿, 相反的极端 / vt. 用竿支撑 / vi. 撑篙	pәul
CET4_CORE_3541	polish	v. 磨光；使优美	a. 波兰的 / n. 波兰人, 上光剂, 光泽, 优雅 / vt. 擦亮, 擦去, 使完美 / vi. 擦亮, 变得光亮	'pɒliʃ
CET4_CORE_576	poll	n. 民意调查	n. 投票, 民意测验, 选举投票, 投票数, 一组人中的一个, 头颈和后脑部, 鹦鹉 / vt. 对...进行民意测验, 获得...票, 剪树枝, 轮询 / vi. 投票 / a. 剪过毛的, 修过枝的 / [计] 轮询	pәul
CET4_CORE_3555	portable	adj. 轻便的；手提的	a. 可携带的, 可搬运的, 可移动的 / [计] 可移植的	'pɒ:tәbl
CET4_CORE_3557	portrait	n. 消像，画像	n. 肖像, 人像, 半身像, 描写, 竖排格式 / [计] 纵向	'pɒ:treit
CET4_CORE_3564	post	n. 柱，桩，杆； v. 贴出	n. 柱, 杆, 准星, 邮件, 邮政, 标竿, 职位, 岗位, 哨所, 兵营 / vt. 张帖, 邮递, 公布, 登入帐, 使熟悉, 布置 / vi. 快速行进 / adv. 急速地 / [计] 记入; 登记, 上电自检	pәust
CET4_CORE_3568	pot	n. 锅，壶，罐，盆	n. 盆, 罐, 壶, 坩埚, 奖杯 / vt. 装入盆中, 在锅中煮, 随手射击 / vi. 随手射击	pɒt
CET4_CORE_3570	pound	n. 磅；英磅	n. 磅, 英镑, 重击, 鱼塘, 拘留所, 兽栏 / vt. 强烈打击, 捣烂, 监禁, 关入栏内 / vi. 连续重击, 苦干	paund
CET4_CORE_3574	power	n. 能力；力；权；幂	n. 力, 体力, 力量, 势力, 动力, 权力, 强国, 乘方, 强度, 幂, 功率 / vt. 使...有力量, 供以动力, 激励 / [计] 乘幂; DOS外部命令:能控制许多电池电源计算机上的电源管理特性	'pauә
CET4_CORE_3576	practical	adj. 实践的；实用的	a. 实际的, 现实的, 实用性的 / [法] 事实上的, 实际上的, 接近...的	'præktikl
CET4_CORE_4277	predictable	adj. 可预料的	a. 可预言的	pri'diktәbl
CET4_CORE_3592	prescribe	v. 命令；处(方)	v. 规定, 指定, 嘱咐, 开处方	pris'kraib
CET4_CORE_4261	preventive	adj. 预防性的	a. 预防的, 防止的 / n. 防止物, 预防方法, 预防药	pri'ventiv
CET4_CORE_592	previous	adj. 之前的； adv. 先前地	a. 早先的, 前面的, 过急的 / [法] 以前的, 生前的, 前述的	'pri:viәs
CET4_CORE_593	previously	adv. 事先	adv. 先, 先前, 以前, 前, (非正式)过早, 过急, 在前, 在...以前, 在先 / [计] 先前地	'pri:vju:sli
CET4_CORE_3603	prime	adj. 首要的； n. 春，青春	n. 最佳部分, 初期, 全盛期 / a. 主要的, 最初的, 根本的 / v. 加油启动, 灌注, 填装	praim
CET4_CORE_600	productive	adj. 富有成效的	a. 能生产的, 有生产价值的, 多产的 / [医] 产出性的, 产生性的	prә'dʌktiv
CET4_CORE_835	prohibitively	adv. 过分地，非常地	adv. 禁止, 起阻止作用, 抑制	
CET4_CORE_605	project	n. 工程，作业	n. 计划, 设计, 事业 / vt. 计划, 设计, 投掷, 发射, 使凸出, 放映 / vi. 凸出	'prɒdʒekt
CET4_CORE_1036	promotional	adj. 促销的	a. 增进的	prәu'mәuʃәnl
CET4_CORE_3629	pronoun	n. 代名词	n. 代词	'prәunaun
CET4_CORE_3630	pronounce	v. 发…的音；宣布	v. 发音, 宣告, 断言	prә'nauns
CET4_CORE_3633	proper	adj. 适合的；合乎体统的	a. 适当的, 固有的, 高尚的, 专属的 / adv. 完全地, 彻底地	'prɒpә
CET4_CORE_611	prospect	n. 前景	n. 景色, 展望 / vt. 勘探, 勘察 / vi. 勘探, 有前途	'prɒspekt
CET4_CORE_4367	providing	conj. 倘若	conj. 以...为条件, 假如	
CET4_CORE_612	provoke	v. 激起，挑起	vt. 激怒, 惹起, 诱导 / [法] 刺激, 煽动, 激怒	prә'vәuk
CET4_CORE_614	publicize	v. 宣布	vt. 宣传	'pʌblisaiz
CET4_CORE_3653	pump	n. 泵； v. 用抽机抽	n. 抽水机, 打气筒, 泵, 抽吸 / vt. 用唧筒抽水, 打气, 盘问, 倾注, 使疲惫 / vi. 抽水, 上下(或往复)运动	pʌmp
CET4_CORE_3663	put	v. 放，摆；使处于	vt. 放, 摆, 安置, 移动, 发射, 投掷, 写上, 表达, 使从事, 使受到, 驱使, 赋予 / vi. 出发, 航行, 发芽 / n. 掷, 股票出售权, 笨蛋 / a. 固定不动的 / [计] 发送文件	put
CET4_CORE_870	puzzling	adj. 令人困惑的	a. 使迷惑的, 把人难住的	'pʌzliŋ
CET4_CORE_923	quotation	n. 引文	n. 引用语, 语录, 牌价, 报价 / [化] 报价	kwәu'teiʃәn
CET4_CORE_1019	racially	adv. 种族上地	adv. 按人种, 人种上	'reiʃәli
CET4_CORE_3691	rat	n. 老鼠，耗子	n. 鼠, 卑鄙的人, 破坏者, 变节者 / vi. 捕鼠, 变节 / vt. 弄蓬松	ræt
CET4_CORE_626	rational	adj. 神智清楚的	a. 理性的, 合理的 / n. 有理数	'ræʃәnl
CET4_CORE_924	react	v. 对……作出反应	vi. 起反应, 起作用, 反攻 / [医] 应答, 发生反应	ri'ækt
CET4_CORE_3698	read	v. 读，看懂； v. 读	v. 读, 阅读, 理解 / a. 有学问的 / n. 读取, 阅读 / [计] 读取	ri:d
CET4_CORE_628	rearrange	v. 重新安排	vt. 再排列, 重新整理 / [计] 重新排列; 重新整理	.ri:ә'reindʒ
CET4_CORE_891	reassess	v. 重新评估	vt. 再评价, 再摊派, 再课税	.ri:ә'ses
CET4_CORE_3714	receiver	n. 收受者，收件人	n. 接收器；接受者；收信机；收款员, 接待者	ri'si:vә
CET4_CORE_902	reframe	v. 重新装裱	vt. 再构造, 重新制订, 再组织, 给...装上新框架	'ri:'freim
CET4_CORE_636	refreshing	adj. 恢复活力的	a. 使清爽的, 有精神的, 爽快的	ri'freʃiŋ
CET4_CORE_637	refuel	v. （给）加油，加燃料	v. 补给燃料	ri:'fju:әl
CET4_CORE_640	regularly	adv. 定期地，有规律地	adv. 有规则地, 一丝不苟地, 正式地	'regjulәli
CET4_CORE_3751	remarkable	adj. 异常的，非凡的	a. 不平常的, 值得注意的, 显著的	ri'mɑ:kәbl
CET4_CORE_3754	remote	adj. 相隔很远的；冷淡的	a. 遥远的, 偏僻的, 疏远的, 微少的 / [计] 远程, 远程访问实用程序	ri'mәut
CET4_CORE_650	remove	v. 消除，移除	vt. 移动, 调动, 除去, 迁移, 开除, 移交 / vi. 迁移, 移动, 搬家 / n. 班级, 升级, 移动, 搬家, 间距 / [计] 删除	ri'mu:v
CET4_CORE_997	rental	n. 租	n. 租费, 租金收入 / a. 租赁的, 收取租金的	'rentl
CET4_CORE_1095	reserve	v. 留出，预定	n. 储备品, 贮量, 后备军, 自然保护区, 保留, 拘谨, 节制, 储备金 / vt. 保留, 保存, 预订, 延期, 推迟	ri'zә:v
CET4_CORE_3766	reservior	n. 水库；蓄水池	n. 贮水池,贮藏处,贮备	
CET4_CORE_4542	responsive	adj. 响应的； 敏感的， 易受影响的	a. 回答的, 应答的, 易感应的	ri'spɒnsiv
CET4_CORE_3772	restless	adj. 不安定的，焦虑的	a. 不安静的, 慌张的, 休息不充分的 / [医] 不安静的, 不宁的	'restlis
CET4_CORE_678	revise	v. 修订	n. 校订, 修正, 改样 / vt. 校订, 修正, 校正	ri'vaiz
CET4_CORE_3786	rigid	adj. 刚硬的；僵硬的	a. 坚硬的, 刚性的, 严格的, 精密的, 刻板的	'ridʒid
CET4_CORE_1125	ring	n. 拳击台	n. 环, 环形物, 拳击场, 戒指, 角逐, 小集团, 铃声, 钟声, 声调 / vt. 包围, 套住, 按铃, 敲钟 / vi. 成环形, 响, 鸣, 按铃, 敲钟, 回响	riŋ
CET4_CORE_1066	riot	n. 暴乱	n. 暴动, 喧闹, 放纵 / vi. 发动, 暴动, 纵情, 放荡 / vt. 浪费, 挥霍	'raiәt
CET4_CORE_681	riotous	adj. 狂暴的	a. 引起骚扰的, 暴乱的, 放荡的	'raiәtәs
CET4_CORE_3790	roast	vt&vi. 烤，炙，烘	n. 烤肉, 烘烤, 嘲笑 / a. 烘烤的, 烤过的 / vt. 烤, 炙, 烘焙, 嘲笑 / vi. 烤, 炙, 烘焙	rәust
CET4_CORE_4399	rob	v. 抢劫， 盗窃	v. 抢夺, 抢掠, 剥夺	rɒb
CET4_CORE_3792	rod	n. 杆，竿，棒	n. 竿, 笞鞭, 小枝 / [化] 棒	rɒd
CET4_CORE_4207	rope	n. 绳，索； v. 用绳捆	n. 绳, 索, 粗绳, 绞索, 决窍 / vt. 捆, 缚, 绑, 圈起, 以绳将...系住 / vi. 拧成绳状	rәup
CET4_CORE_3801	rough	adj. 表面不平的；粗略的	n. 粗糙的东西, 毛坯, 未加工品, 梗概, 草图, 暴徒, 艰难 / a. 粗糙的, 粗暴的, 蓬乱的, 草率的, 大致的, 简陋的, 暴风雨的, 艰难的 / vt. 使粗糙, 使不平, 使蓬乱, 粗制, 草拟, 粗暴对待, 对...动粗 / vi. 变粗糙 / adv. 粗糙地, 粗暴地	rʌf
CET4_CORE_3805	row	n. (一)排，(一)行	n. 排, 行, 街道, 划船, 吵闹 / vt. 使成排, 划, 划船, 参加(赛船), 痛骂 / vi. 划船, 划动, 争吵 / [计] 行	rәu. rau
CET4_CORE_892	rude	adj. 粗鲁的	a. 粗鲁无礼的, 粗陋的, 粗暴的, 原始的, 未开化的, 大略的, 崎岖不平的, 狂暴的	ru:d
CET4_CORE_3807	rug	n. 小地毯；毛毯	n. 小块地毯, 揭露某人	rʌg
CET4_CORE_3809	rush	v. 冲，奔； v. 催促	n. 匆促, 冲进, 急流, 灯心草 / vi. 冲, 奔, 闯, 赶紧, 匆促行事, 涌现 / vt. 使冲, 匆忙地做, 突袭, 飞跃, 用灯心草做 / a. 紧急的	rʌʃ
CET4_CORE_3811	sack	n. 袋，麻袋；开除	n. 麻布袋, 洗劫 / vt. 把...装入袋, 洗劫	sæk
CET4_CORE_3822	say	v. 比如说[用于举例]	vt. 说, 讲, 念, 说明, 指明 / vi. 说, 讲 / n. 意见, 发言权	sei
CET4_CORE_4462	scary	adj. 引起惊慌的	a. 容易受惊的, 胆小的, 提心吊胆的	'skєәri
CET4_CORE_686	schedule	n. 日程表	n. 时间表, 一览表, 计划表, 议事日程 / vt. 预定, 编制目录, 制...表, 安排	'skedʒuәl
CET4_CORE_3833	scrape	vt&vi&n. 刮，擦	n. 刮, 擦, 挖, 擦痕, 刮擦声, 困境 / vi. 刮掉, 擦掉, 刮出刺耳声 / vt. 刮, 擦, 擦伤, 挖成, 积蓄	skreip
CET4_CORE_689	scratch	n. 抓，划痕	n. 抓痕, 搔, 抓, 擦伤, 刮擦声, 乱写, 零分, 起跑线 / vt. 搔, 抓, 挖出, 擦, 刮, 乱涂, 勾抹掉 / vi. 搔, 抓, 发刮擦声, 勉强糊口 / a. 碰巧的, 凑合的, 打草稿用的 / [计] 擦除	skrætʃ
CET4_CORE_690	screen	v. 筛查	n. 幕, 银幕, 屏风, 掩蔽物, 屏蔽, 筛子 / vt. 掩蔽, 放映, 拍摄, 掩护, 筛, 甄别 / vi. 拍电影 / [计] 筛选; 屏幕	skri:n
CET4_CORE_1150	senior	n. 老年人	n. 年长者, 资深者, 毕业班学生 / a. 年长的, 高级的, 资深的	'si:njә
CET4_CORE_3843	separate	adj. 分离的；个别的	n. 独立件, 抽印本 / a. 分开的, 各别的, 单独的, 分隔的 / vi. 分开, 隔开, 分居 / vt. 使分离, 使分开, 区分, 使分居	'sepәreit
CET4_CORE_697	separately	adv. 分别地，另行	adv. [表]分开, 不相连, 分隔, 分离, 不同, 单独, 独立, 各自, 各别, 脱离肉体, 灵魂 / [计] 分离地	'sepәrәtli
CET4_CORE_1041	shade	n. 阴凉处	n. 荫, 阴暗, 遮光物, 灯罩, 帘, 浓淡, 微量, 底纹 / vi. 渐变 / vt. 使阴暗, 使渐变, 遮蔽, 微减 / [计] 底纹	ʃeid
CET4_CORE_3860	shore	n. 滨，岸	n. 海岸, 海滨, 斜撑柱 / vt. 把...送上岸, 支撑, 支持	ʃɒ:
CET4_CORE_702	showmanship	n. 主技演出的技巧	n. 安排演出的窍门, 吸引观众的窍门, 经营术, 招徕生意的手腕	'ʃәjmәnʃip
CET4_CORE_3873	similarly	adv. 类似地，相似地	adv. 相像地, 类似于	'similәli
CET4_CORE_707	simplicity	n. 简单	n. 单纯, 简朴, 朴素, 坦率, 天真 / [计] 简明性	sim'plisiti
CET4_CORE_932	simplify	v. 简化	vt. 单一化, 简单化	'simplifai
CET4_CORE_709	situation	n. 情况	n. 情形, 境遇, 位置 / [医] 情境, 处境	.sitju'eiʃәn
CET4_CORE_3879	skillful	adj. 灵巧的，娴熟的	a. 熟练的, 巧妙的 / [机] 熟练的	'skilful
CET4_CORE_3881	slam	v. 使劲关，砰地放下	n. 砰然声, 猛然, 猛烈的抨击 / vt. 猛然关上, 砰地关上, 猛烈抨击 / vi. 砰地关上, 猛攻	slæm
CET4_CORE_823	slightly	adv. 轻微地	adv. 些微地, 苗条地	'slaitli
CET4_CORE_1037	smooth	adj. 光滑的	a. 平滑的, 平稳的, 流畅的, 和蔼的, 安祥的, 圆滑的, 调匀的, 无毛的 / vt. 使光滑, 烫平, 使平和, 消除 / vi. 变平滑, 变平静 / n. 一块平地, 平滑部分	smu:ð
CET4_CORE_927	soar	v. 猛增	n. 高扬, 翱翔 / vi. 往上飞舞, 高耸, 翱翔	sɒ:
CET4_CORE_850	solid	adj. 扎实的，坚实的	n. 固体 / a. 坚硬的, 稳固的, 固体的, 实心的, 纯质的, 立体的, 立方的 / [计] 原色	'sɒlid
CET4_CORE_3896	somehow	adv. 由于某种原因	adv. 不知何故	'sʌmhau
CET4_CORE_3897	sometime	adv. 在某一时候；从前	a. 以前的, 某一时间的 / adv. 改天, 来日	'sʌmtaim
CET4_CORE_3898	somewhat	pron. 一点儿； adv. 有点	n. 某物, 几分 / adv. 多少, 几分	'sʌmhwɒt
CET4_CORE_3905	spacecraft	n. 航天器，宇宙飞船	n. 航天飞船	'speiskræft
CET4_CORE_715	specialize	v. 专业从事	vt. 使特殊化, 列举, 特别指明, 限定...的范围 / vi. 成为专家, 专攻	'speʃәlaiz
CET4_CORE_4395	species	n. 种， 类	n. 种, 类, 外形 / [医] 茶剂; 种	'spi:ʃiz
CET4_CORE_716	specific	adj. 特定的，具体的	n. 特效药, 特性 / a. 特殊的, 明确的, 具有特效的, 特定地, 具体地	spi'sifik
CET4_CORE_4486	spiritual	adj. 精神的， 心灵的； 宗教的	a. 精神上的, 神圣的, 崇高的, 高尚的, 鬼的, 招魂术的 / n. 有关教会的事	'spiritʃuәl
CET4_CORE_1045	squeeze	v. 压，榨	n. 紧握, 挤, 榨, 榨取, 佣金 / vt. 紧握, 挤, 榨取 / vi. 压榨, 榨	skwi:z
CET4_CORE_1117	stake	n. 风险	n. 桩, 炮烙刑, 木柱, 赌注, 奖金 / vt. 打桩, 用桩撑, 下赌注, 资助 / vi. 打赌	steik
CET4_CORE_1123	stale	adj. 乏味的，没有新意的	n. 尿 / a. 不新鲜的, 陈腐的, 疲惫的, 陈旧的 / vt. 使变旧, 走味 / vi. 变陈旧, 走味, 失时效, 撒尿	steil
CET4_CORE_3934	stem	n. 茎，(树)干； v. 起源	n. 茎, 干, 柄, 船首, 血统, 堵塞物 / vt. 摘掉茎, 装柄于, 阻止, 堵住, 逆行 / vi. 堵住, 逆行	stem
CET4_CORE_3937	stocking	n. 长(统)袜	n. 长袜 / [医] 马足水肿; 长袜	'stɒkiŋ
CET4_CORE_3939	storage	n. 贮藏；贮藏量	n. 存储器, 储藏, 保管, 库存, 仓库 / [计] 存放处; 存储	'stɒ:ridʒ
CET4_CORE_3941	storey	n. (层)楼	n. 楼, 楼层, 层楼	'stɔ:ri
CET4_CORE_730	stressful	adj. 充满著压力的，充满著紧张的	a. 着重, 强调, 重读, 使受应力	
CET4_CORE_4472	striking	adj. 显著的， 突出的； 惹人注目的， 容貌出众的	a. 醒目的, 惊人的, 打击的, 罢工的 / [法] 罢工的, 罢市的, 罢课的	'straikiŋ
CET4_CORE_3950	strip	v. 剥；夺去； n. 条带	n. 长条, 条状, 带, 脱衣舞 / vt. 脱衣, 被剥去, 剥夺, 拆卸 / vi. 脱衣服	strip
CET4_CORE_734	struggle	v. 搏斗	n. 斗争, 努力, 奋斗 / vi. 努力, 奋斗, 挣扎	'strʌgl
CET4_CORE_833	subdivision	n. 分区	n. 细分, 分部 / [医] 再分; 亚门	.sʌbdi'viʒәn
CET4_CORE_735	subsidize	v. 提供补贴	vt. 补助, 资助, 贿赂 / [经] 资助, 津贴, 给...补助金	'sʌbsidaiz
CET4_CORE_736	substantial	adj. 大量的	n. 重要材料(或事物), 有实际价值的东西 / a. 实质上的, 物质的, 有内容的, 结实的	sәb'stænʃәl
CET4_CORE_3965	sulfur	n. 硫(磺)，硫黄	n. 硫, 硫磺 / vt. 用硫磺处理	'sʌlfә
CET4_CORE_3966	sulphur	n. 硫(磺)，硫黄	n. 硫, 硫磺 / [化] 硫	'sʌlfә
CET4_CORE_896	surpass	v. 超过	vt. 超越, 凌驾, 胜过	sә'pɑ:s
CET4_CORE_4527	surrounding	adj. 附近的；四周的	n. 环境 / a. 周围的	sә'raundiŋ
CET4_CORE_745	sustain	n. 维持	vt. 承受, 支持, 供养, 继续, 忍受, 蒙受, 证实, 准许 / [电] 持续	sә'stein
CET4_CORE_746	sustainable	adj. 可持续的	a. 足可支撑的, 养得起的, 可以忍受的	sә'steinәbl
CET4_CORE_3983	sword	n. 剑，刀	n. 刀, 剑, 战争, 武力, 剑状物	sɒ:d
CET4_CORE_3984	sympathetic	adj. 同情的；和谐的	a. 有同情心的, 合意的, 赞成的 / n. 交感神经, 容易感受的人	.simpә'θetik
CET4_CORE_754	tank	n. 油箱，水箱	n. 槽, 箱, 柜, 罐, 池塘, 储水池, 坦克 / vt. 储于箱中	tæŋk
CET4_CORE_755	tasteless	adj. 无味的	a. 没味道的, 无鉴赏力的	'teistlis
CET4_CORE_756	technical	adj. 技术的	a. 技术上的, 专门的, 工业的, 严格根据法律的 / [化] 技巧	'teknikl
CET4_CORE_4502	teenager	n. 青少年	n. 十三岁到十九岁的少年	'ti:nidʒә
CET4_CORE_4010	thickness	n. 厚(度)；密(度)	n. 厚度, 密度, 愚钝, 含混不清 / [医] 厚度	'θiknis
CET4_CORE_4013	thread	n. 线；丝；螺纹；头绪	n. 线, 丝, 纤维, 线索 / vt. 穿线于, 穿过, 通过, 用线穿成 / vi. 穿过 / [计] 线索, 线程	θred
CET4_CORE_4018	thrust	v. 插，刺； n. 插；讽刺	n. 插, 戳, 刺, 猛推, 口头攻击, 推力 / vt. 插入, 猛推, 刺, 戳, 强加, 延伸 / vi. 插, 刺, 戳, 延伸, (用力)推	θrʌst
CET4_CORE_766	tide	n & v. 顺应潮水航行	n. 潮, 潮汐, 趋势, 潮流, 涨潮, 高潮 / vt. 使随潮漂流 / vi. 顺潮行驶	taid
CET4_CORE_767	tighten	adj. 紧的，紧缩的	vt. 勒紧, 使变紧 / vi. 变紧, 绷紧	'taitn
CET4_CORE_4029	tolerate	v. 忍受，容忍，宽恕	vt. 宽容, 容许, 有耐力	'tɒlәreit
CET4_CORE_893	tough	adj. 困难的	n. 恶棍 / a. 强硬的, 艰苦的, 坚固的, 坚韧的, 粗暴的, 咬不动的	tʌf
CET4_CORE_4036	tourist	n. 旅游者，观光者	n. 观光客, 旅行者 / a. 旅游的	'tuәrist
CET4_CORE_772	trait	n. 性格	n. 特征, 特性, 一笔, 少许	treit
CET4_CORE_774	transfer	v & n. 转换，调换	n. 迁移, 移动, 传递, 转让, 转移, 过户, 汇兑, 换车 / vt. 使转移, 调转, 调任, 改变, 传递, 转让 / vi. 转移, 转学, 转职, 换车 / [计] 传送	træns'fә:
CET4_CORE_4427	truly	adv. 真正地； 忠实地	adv. 真实地, 不假	'tru:li
CET4_CORE_4067	tube	n. 管；电子管，显像管	n. 管, 软管, 隧道 / vt. 把...装管, 使通过管子 / [计] 管子	tju:b
CET4_CORE_780	tumor	n. 瘤	n. 肿大, 肿块, 瘤, 赘生物, 肿瘤 / [医] 瘤; 肿胀, 肿块	'tju:mә
CET4_CORE_4070	turbine	n. 叶轮机，汽轮机	n. 涡轮机 / [化] 涡轮机	'tә:bain
CET4_CORE_4078	unconscious	adj. 不省人事的	a. 未意识到的, 无意识的, 无知觉的 / [医] 人事不省的, 神志丧失的; 无意识的	.ʌn'kɒnʃәs
CET4_CORE_811	undergo	v. 承受	vt. 遭受, 经历, 忍受 / [法] 经受, 经历, 忍受	.ʌndә'gәu
CET4_CORE_4080	undergraduate	n. 大学在校生	n. 大学本科生, 大学肄业生 / a. 大学生的	.ʌndә'grædjuit
CET4_CORE_4266	unfortunately	adv. 不幸地	adv. 恐怕, 不幸的是	ʌn'fɔ:tjjnәtli
CET4_CORE_944	unintended	adj. 意想不到的	a. 不是存心的, 无心的, 非故意的	'ʌnin'tendid
CET4_CORE_4093	unlikely	adj. 未必的，未必可能的	a. 不太可能的	.ʌn'laikli
CET4_CORE_834	utility	n. 使用，公共设施	n. 功用, 有用之物, 实用, 公用事业, 实用程序 / a. 实用的, 有多种用途的 / [计] 实用程序, 工具	ju:'tiliti
CET4_CORE_795	view	v. 看待	n. 视野, 风景, 见解, 视力, 观看, 视图, 指望, 意图, 印象 / vt. 看, 考虑, 视察, 查看, 估量 / [计] 视图	vju:
CET4_CORE_4124	vigorous	adj. 朝气蓬勃的	a. 精力充沛的, 元气旺盛的, 茁壮的, 有力的	'vigәrәs
CET4_CORE_4125	vinegar	n. 醋	n. 醋, 尖酸刻薄 / vt. 加醋于	'vinigә
CET4_CORE_797	virtually	adv. 几乎，差不多	adv. 事实上	'vә:tʃuәli
CET4_CORE_4130	visual	adj. 看的；看得见的	a. 视觉的 / [医] 视觉的, 视力的, 视觉性记忆优势者	'viʒuәl
CET4_CORE_900	vitally	adv. 极其重要地	adv. 与生命有关地, 致命地, 紧要地	'vaitli
CET4_CORE_4147	wax	n. 蜡，蜂蜡	n. 蜡, 蜡状物, 一阵发怒, 增加, (月亮)渐盈 / vi. 变大, 增大, 月亮渐满 / vt. 上蜡于	wæks
CET4_CORE_4280	whichever	pron&adj. 无论哪个， 无论哪些	pron. 无论那一个, 任何一个	hwitʃ'evә
CET4_CORE_4158	whisper	v. 低声地讲； v. 低语	n. 耳语, 密谈, 谣传, 沙沙声 / vi. 耳语, 密谈, 沙沙地响 / vt. 低声说	'hwispә
CET4_CORE_1006	widespread	adj. 普遍的，广泛的	a. 充分伸展的, 广布的, 普及的, 流传广的	'waidspred
CET4_CORE_4165	willing	adj. 愿意的，心甘情愿的	a. 乐意的, 自愿的, 甘愿的	'wiliŋ
CET4_CORE_4171	withstand	v. 抵挡，反抗	vt. 抵住, 顶住, 经得起	wið'stænd
CET4_CORE_4330	wolf	n. 狼	n. 狼, 残忍贪婪之人, 极度穷困 / vt. 狼吞虎咽, 大吃	wulf
CET4_CORE_4376	world-wide	adj. 遍及全球的	a. 遍及全世界的	
CET4_CORE_1024	worldwide	adv. 全世界范围地	a. 全世界的	'wә:ldwaid
CET4_CORE_807	worthwhile	adj. 有价值的	a. 值得花时间的, 值得做的, 有真实价值的	'wә:θ'hwail
CET4_CORE_4183	wrap	v. 裹，包，捆； n. 披肩	n. 外套, 围巾, 包裹物, 限制, 约束, 秘密, 换行 / vt. 包装, 卷, 缠绕, 包, 裹, 覆盖, 遮蔽, 隐藏, 掩护 / vi. 缠绕, 穿外衣, 包起来 / [计] 换行	ræp
CET4_CORE_4187	yawn	v. 打呵欠； n. 呵欠	n. 哈欠 / vi. 打哈欠, 裂开 / vt. 打着哈欠说	jɒ:n
